pwy_id	pwy_name	total	T1_LoCHO_PROT_vs_T2_LoCHO_FAT	T1_LoCHO_PROT_vs_T2_LoCHO_PROT	T2_LoCHO_FAT_vs_T2_LoCHO_PROT	T1_LoCHO_FAT_vs_T1_LoCHO_PROT	T1_LoCHO_FAT_vs_T2_LoCHO_FAT	T1_LoCHO_FAT_vs_T2_LoCHO_PROT	Prefeed_HiCHO_vs_T1_LoCHO_PROT	Prefeed_HiCHO_vs_T2_LoCHO_FAT	Prefeed_HiCHO_vs_T1_LoCHO_FAT	Prefeed_HiCHO_vs_T2_LoCHO_PROT
00010	Glycolysis / Gluconeogenesis	107	81	80	81	81	82	81	82	83	82	82
00020	Citrate cycle (TCA cycle)	67	59	59	59	59	58	59	59	58	58	58
00030	Pentose phosphate pathway	89	54	54	55	55	56	55	55	56	56	56
00040	Pentose and glucuronate interconversions	90	52	54	54	53	53	54	53	53	54	53
00051	Fructose and mannose metabolism	114	81	80	81	79	81	80	79	81	79	80
00052	Galactose metabolism	78	57	57	56	59	58	58	60	60	60	59
00053	Ascorbate and aldarate metabolism	62	28	29	30	30	31	30	28	28	30	30
00061	Fatty acid biosynthesis	39	29	29	29	29	29	29	29	29	29	29
00062	Fatty acid elongation	24	12	11	11	15	14	14	13	12	14	12
00071	Fatty acid degradation	59	34	34	37	34	35	37	34	36	34	37
00073	Cutin, suberine and wax biosynthesis	15	1	2	2	2	2	2	1	0	2	2
00074	Mycolic acid biosynthesis	35	9	8	9	9	8	8	9	10	9	8
00100	Steroid biosynthesis	34	17	17	16	18	17	17	18	17	17	17
00120	Primary bile acid biosynthesis	18	7	6	7	7	7	7	7	7	7	7
00121	Secondary bile acid biosynthesis	15	12	12	12	12	12	12	12	12	12	12
00130	Ubiquinone and other terpenoid-quinone biosynthesis	59	39	40	40	41	40	41	41	41	41	41
00140	Steroid hormone biosynthesis	46	8	7	10	10	10	11	8	9	11	10
00190	Oxidative phosphorylation	224	120	120	119	123	124	124	124	123	125	122
00195	Photosynthesis	63	14	10	14	14	16	13	10	14	13	9
00196	Photosynthesis - antenna proteins	42	0	0	0	0	0	0	0	0	0	0
00220	Arginine biosynthesis	67	44	42	43	44	45	44	46	47	47	45
00230	Purine metabolism	223	133	126	128	130	132	128	132	134	132	131
00232	Caffeine metabolism	16	3	3	3	3	3	3	3	3	3	3
00240	Pyrimidine metabolism	114	83	83	81	85	82	83	86	83	84	85
00250	Alanine, aspartate and glutamate metabolism	70	52	51	52	53	53	53	54	54	54	54
00253	Tetracycline biosynthesis	17	2	2	2	2	2	2	2	2	2	2
00254	Aflatoxin biosynthesis	20	2	2	2	2	3	3	2	2	3	2
00260	Glycine, serine and threonine metabolism	109	76	74	76	79	79	77	76	78	79	78
00261	Monobactam biosynthesis	28	12	12	12	11	12	12	12	12	12	13
00270	Cysteine and methionine metabolism	125	83	83	84	82	83	83	81	84	82	84
00280	Valine, leucine and isoleucine degradation	71	42	39	42	42	42	42	42	44	43	42
00290	Valine, leucine and isoleucine biosynthesis	19	15	15	15	15	15	15	15	15	15	15
00300	Lysine biosynthesis	48	38	39	38	38	37	39	38	39	39	38
00310	Lysine degradation	98	42	42	43	44	43	41	45	44	43	44
00311	Penicillin and cephalosporin biosynthesis	16	4	4	4	4	4	4	4	4	4	4
00330	Arginine and proline metabolism	114	65	65	64	68	65	67	68	67	68	67
00331	Clavulanic acid biosynthesis	5	0	0	0	0	0	0	0	0	0	0
00332	Carbapenem biosynthesis	19	2	2	2	2	2	2	2	2	2	2
00333	Prodigiosin biosynthesis	21	5	5	5	5	5	5	5	5	5	5
00340	Histidine metabolism	47	32	32	33	32	33	33	33	33	33	34
00350	Tyrosine metabolism	84	36	32	34	38	36	35	36	36	37	35
00360	Phenylalanine metabolism	74	41	39	41	43	43	41	45	46	45	45
00361	Chlorocyclohexane and chlorobenzene degradation	41	6	4	5	6	5	5	4	6	6	4
00362	Benzoate degradation	114	29	28	30	30	29	31	28	30	31	30
00363	Bisphenol degradation	2	0	0	0	0	0	0	0	0	0	0
00364	Fluorobenzoate degradation	18	2	1	2	2	2	2	1	2	2	1
00365	Furfural degradation	8	0	0	0	0	0	0	0	0	0	0
00380	Tryptophan metabolism	80	28	28	28	31	29	32	30	30	31	30
00400	Phenylalanine, tyrosine and tryptophan biosynthesis	74	49	48	49	49	49	49	49	49	49	49
00401	Novobiocin biosynthesis	30	12	11	12	12	12	12	11	12	12	11
00402	Benzoxazinoid biosynthesis	8	0	0	0	0	0	0	1	1	1	1
00403	Indole diterpene alkaloid biosynthesis	13	0	0	0	0	0	0	0	0	0	0
00404	Staurosporine biosynthesis	40	2	2	2	2	2	2	2	2	2	2
00405	Phenazine biosynthesis	16	6	6	6	5	6	6	6	6	6	5
00410	beta-Alanine metabolism	46	28	28	29	30	29	29	30	29	29	30
00430	Taurine and hypotaurine metabolism	29	17	18	18	17	17	18	17	17	17	18
00440	Phosphonate and phosphinate metabolism	44	18	20	20	19	19	20	19	18	20	20
00450	Selenocompound metabolism	33	26	25	25	25	26	25	27	27	27	27
00460	Cyanoamino acid metabolism	36	16	15	14	15	14	14	15	14	13	14
00470	D-Amino acid metabolism	55	35	33	35	34	35	33	35	35	35	35
00480	Glutathione metabolism	57	32	31	32	31	32	31	32	32	32	32
00500	Starch and sucrose metabolism	106	80	80	79	81	81	81	81	81	81	81
00510	N-Glycan biosynthesis	48	23	22	23	25	25	25	29	29	30	28
00511	Other glycan degradation	22	16	17	16	16	15	16	17	17	17	17
00512	Mucin type O-glycan biosynthesis	15	3	3	1	3	2	2	3	1	2	1
00513	Various types of N-glycan biosynthesis	55	24	21	24	26	26	26	31	32	32	30
00514	Other types of O-glycan biosynthesis	31	6	7	7	6	6	7	8	8	8	8
00515	Mannose type O-glycan biosynthesis	21	1	1	1	2	2	2	2	2	3	2
00520	Amino sugar and nucleotide sugar metabolism	156	122	120	122	121	120	120	123	122	121	120
00521	Streptomycin biosynthesis	21	14	13	14	14	14	14	13	14	14	13
00522	Biosynthesis of 12-, 14- and 16-membered macrolides	59	2	2	2	1	2	2	1	2	1	2
00523	Polyketide sugar unit biosynthesis	59	19	19	19	20	19	19	19	18	19	19
00524	Neomycin, kanamycin and gentamicin biosynthesis	58	13	12	11	12	12	11	12	11	11	10
00525	Acarbose and validamycin biosynthesis	27	5	4	5	4	5	4	4	5	4	4
00531	Glycosaminoglycan degradation	15	12	12	12	12	12	12	12	12	12	12
00532	Glycosaminoglycan biosynthesis - chondroitin sulfate / dermatan sulfate	18	3	2	3	2	3	2	2	3	2	2
00533	Glycosaminoglycan biosynthesis - keratan sulfate	14	0	0	0	0	0	0	1	1	1	1
00534	Glycosaminoglycan biosynthesis - heparan sulfate / heparin	22	2	2	2	2	2	2	2	2	2	2
00540	Lipopolysaccharide biosynthesis	62	48	46	48	47	48	48	48	48	48	48
00541	O-Antigen nucleotide sugar biosynthesis	99	53	54	54	53	52	54	54	53	53	53
00542	O-Antigen repeat unit biosynthesis	35	9	9	9	9	9	9	9	9	9	8
00543	Exopolysaccharide biosynthesis	73	24	24	24	25	23	25	24	24	25	24
00550	Peptidoglycan biosynthesis	53	42	42	42	42	42	42	42	42	42	42
00552	Teichoic acid biosynthesis	41	27	27	27	27	27	27	27	27	27	27
00561	Glycerolipid metabolism	94	50	47	49	49	48	49	48	47	47	47
00562	Inositol phosphate metabolism	77	36	36	37	38	38	37	38	36	37	37
00563	Glycosylphosphatidylinositol (GPI)-anchor biosynthesis	27	16	14	17	18	20	18	21	22	22	22
00564	Glycerophospholipid metabolism	115	67	63	65	65	67	65	68	66	68	67
00565	Ether lipid metabolism	31	16	16	17	17	17	17	19	18	19	19
00571	Lipoarabinomannan (LAM) biosynthesis	14	4	4	4	4	4	4	4	4	4	4
00572	Arabinogalactan biosynthesis - Mycobacterium	12	4	4	4	4	4	4	4	4	4	4
00590	Arachidonic acid metabolism	51	9	9	10	9	9	10	9	10	10	10
00591	Linoleic acid metabolism	27	5	4	5	4	5	4	6	6	6	6
00592	alpha-Linolenic acid metabolism	26	14	13	14	14	13	14	15	13	14	15
00600	Sphingolipid metabolism	52	26	25	24	26	25	24	26	26	25	24
00601	Glycosphingolipid biosynthesis - lacto and neolacto series	28	4	4	3	4	3	3	5	4	4	4
00603	Glycosphingolipid biosynthesis - globo and isoglobo series	16	5	5	5	6	6	6	5	5	6	5
00604	Glycosphingolipid biosynthesis - ganglio series	14	2	2	2	2	2	2	2	2	2	2
00620	Pyruvate metabolism	133	106	104	107	105	105	106	107	108	107	107
00621	Dioxin degradation	31	4	4	3	5	4	4	4	4	5	3
00622	Xylene degradation	34	5	5	4	6	5	5	5	5	6	5
00623	Toluene degradation	46	6	6	7	6	6	7	5	6	6	6
00624	Polycyclic aromatic hydrocarbon degradation	43	1	1	1	1	1	1	1	1	1	1
00625	Chloroalkane and chloroalkene degradation	43	12	11	11	12	11	11	11	12	12	11
00626	Naphthalene degradation	29	5	6	6	5	5	6	5	5	5	6
00627	Aminobenzoate degradation	89	16	16	17	17	16	18	17	16	17	18
00630	Glyoxylate and dicarboxylate metabolism	107	78	75	78	77	79	77	77	80	77	78
00633	Nitrotoluene degradation	23	13	13	13	13	13	13	13	13	13	13
00640	Propanoate metabolism	99	67	66	67	69	69	69	70	70	71	70
00642	Ethylbenzene degradation	16	2	2	1	2	1	1	2	1	1	1
00643	Styrene degradation	25	8	7	8	9	9	9	8	8	9	8
00650	Butanoate metabolism	114	73	70	71	73	72	71	73	73	71	72
00660	C5-Branched dibasic acid metabolism	29	14	14	15	14	15	14	14	15	14	14
00670	One carbon pool by folate	43	28	28	27	28	27	27	28	28	28	28
00680	Methane metabolism	195	98	95	99	98	100	100	99	98	100	100
00710	Carbon fixation by Calvin cycle	36	27	27	27	28	28	28	28	28	28	28
00720	Other carbon fixation pathways	120	72	72	73	72	72	72	72	72	71	72
00730	Thiamine metabolism	36	29	29	28	29	29	29	29	29	28	29
00740	Riboflavin metabolism	54	35	35	34	34	34	33	35	34	34	34
00750	Vitamin B6 metabolism	24	16	15	14	16	14	14	15	14	14	13
00760	Nicotinate and nicotinamide metabolism	97	65	63	64	65	65	64	64	65	66	64
00770	Pantothenate and CoA biosynthesis	45	31	32	32	32	31	33	32	31	31	33
00780	Biotin metabolism	24	17	17	17	18	18	18	18	18	18	18
00785	Lipoic acid metabolism	31	19	20	20	20	20	21	20	20	21	20
00790	Folate biosynthesis	84	49	47	48	49	49	48	49	50	50	49
00791	Atrazine degradation	16	9	6	8	7	9	7	8	9	9	8
00830	Retinol metabolism	50	10	10	12	10	11	12	8	10	10	11
00860	Porphyrin metabolism	142	72	71	73	75	74	74	73	73	76	71
00900	Terpenoid backbone biosynthesis	63	39	38	39	39	39	41	41	40	41	40
00901	Indole alkaloid biosynthesis	31	1	1	1	0	1	1	0	1	0	1
00902	Monoterpenoid biosynthesis	42	3	2	3	2	2	2	2	1	1	2
00903	Limonene degradation	9	3	3	3	3	3	3	3	3	3	3
00904	Diterpenoid biosynthesis	69	2	1	2	2	2	2	1	1	1	1
00905	Brassinosteroid biosynthesis	12	0	0	0	1	1	1	0	0	1	0
00906	Carotenoid biosynthesis	56	8	8	8	8	6	8	8	6	6	8
00907	Pinene, camphor and geraniol degradation	25	9	8	8	9	8	8	10	10	10	10
00908	Zeatin biosynthesis	10	2	1	2	2	2	2	1	2	2	1
00909	Sesquiterpenoid and triterpenoid biosynthesis	75	2	2	2	2	2	2	2	2	2	2
00910	Nitrogen metabolism	69	38	38	38	37	36	37	38	38	37	38
00920	Sulfur metabolism	115	65	64	62	63	62	63	66	63	63	65
00930	Caprolactam degradation	22	8	7	8	9	9	9	9	9	9	8
00940	Phenylpropanoid biosynthesis	32	8	6	8	6	8	6	9	9	10	9
00941	Flavonoid biosynthesis	27	1	1	0	1	0	0	1	0	0	0
00942	Anthocyanin biosynthesis	16	0	0	0	0	0	0	0	0	0	0
00943	Isoflavonoid biosynthesis	18	2	2	2	2	2	2	2	0	2	2
00944	Flavone and flavonol biosynthesis	15	1	1	1	1	1	1	1	1	1	1
00945	Stilbenoid, diarylheptanoid and gingerol biosynthesis	12	0	0	0	0	0	0	0	0	0	0
00946	Degradation of flavonoids	21	4	4	4	4	4	4	4	4	4	4
00950	Isoquinoline alkaloid biosynthesis	63	12	12	12	13	13	12	13	13	13	13
00960	Tropane, piperidine and pyridine alkaloid biosynthesis	33	18	18	18	18	18	17	18	17	18	18
00965	Betalain biosynthesis	8	2	1	2	2	2	2	2	2	2	2
00966	Glucosinolate biosynthesis	21	2	2	2	2	2	2	2	2	2	2
00970	Aminoacyl-tRNA biosynthesis	66	36	34	36	36	37	36	35	36	36	35
00980	Metabolism of xenobiotics by cytochrome P450	34	8	9	8	9	8	8	9	8	9	9
00981	Insect hormone biosynthesis	18	1	1	1	2	2	2	1	1	2	1
00982	Drug metabolism - cytochrome P450	25	6	6	7	8	8	8	6	7	8	7
00983	Drug metabolism - other enzymes	32	21	22	22	22	22	22	22	21	23	23
00984	Steroid degradation	15	4	5	5	4	4	5	4	3	4	5
00996	Biosynthesis of various alkaloids	15	0	0	0	0	0	0	0	0	0	0
00997	Biosynthesis of various other secondary metabolites	42	6	6	5	6	2	5	6	4	4	5
00998	Biosynthesis of various antibiotics	74	14	11	14	12	13	12	10	13	11	10
00999	Biosynthesis of various plant secondary metabolites	74	8	8	8	8	8	8	9	9	9	9
01040	Biosynthesis of unsaturated fatty acids	32	17	17	16	18	17	17	17	16	17	16
01051	Biosynthesis of ansamycins	32	1	1	1	1	1	1	1	1	1	1
01052	Type I polyketide structures	127	2	2	2	1	2	2	1	2	1	2
01053	Biosynthesis of siderophore group nonribosomal peptides	36	9	11	10	8	8	11	12	13	12	15
01054	Nonribosomal peptide structures	66	13	12	13	12	13	12	13	13	12	12
01055	Biosynthesis of vancomycin group antibiotics	29	2	2	2	2	2	2	2	2	2	2
01056	Biosynthesis of type II polyketide backbone	9	0	0	0	0	0	0	0	0	0	0
01057	Biosynthesis of type II polyketide products	73	5	5	5	4	5	5	4	5	4	5
01059	Biosynthesis of enediyne antibiotics	73	0	0	0	1	1	1	0	0	1	0
01100	Metabolic pathways	4784	2180	2133	2169	2204	2194	2193	2209	2218	2227	2197
01110	Biosynthesis of secondary metabolites	2166	788	764	782	787	783	785	792	785	791	783
01120	Microbial metabolism in diverse environments	1298	594	587	593	597	590	598	601	600	603	603
01200	Carbon metabolism	369	237	233	239	236	242	239	239	242	239	240
01210	2-Oxocarboxylic acid metabolism	111	74	75	74	75	75	76	78	78	78	78
01212	Fatty acid metabolism	84	54	54	56	56	57	58	55	56	56	57
01220	Degradation of aromatic compounds	215	34	34	35	35	33	36	33	34	35	34
01230	Biosynthesis of amino acids	239	197	197	198	198	199	200	201	202	202	203
01232	Nucleotide metabolism	123	96	95	93	97	93	94	98	95	96	97
01240	Biosynthesis of cofactors	375	263	264	263	272	268	270	271	268	273	272
01250	Biosynthesis of nucleotide sugars	211	122	122	121	123	119	120	124	120	120	120
01501	beta-Lactam resistance	112	32	32	33	32	33	33	34	35	34	34
01502	Vancomycin resistance	22	13	13	13	13	13	13	13	13	13	13
01503	Cationic antimicrobial peptide (CAMP) resistance	54	40	40	39	40	40	40	40	39	40	39
01521	EGFR tyrosine kinase inhibitor resistance	67	13	13	14	13	16	15	14	14	15	15
01522	Endocrine resistance	77	10	13	13	14	14	17	10	11	13	13
01523	Antifolate resistance	26	11	11	11	12	12	12	12	12	12	12
01524	Platinum drug resistance	46	16	16	17	16	18	17	17	19	17	18
02010	ABC transporters	515	310	308	307	314	313	313	314	311	313	309
02020	Two-component system	514	312	310	308	318	315	316	313	315	320	307
02024	Quorum sensing	283	95	96	95	94	94	95	96	97	97	97
02025	Biofilm formation - Pseudomonas aeruginosa	90	24	24	23	25	24	23	24	24	24	22
02026	Biofilm formation - Escherichia coli	61	43	41	40	42	39	41	41	40	41	38
02030	Bacterial chemotaxis	26	25	24	24	25	24	25	25	25	25	25
02040	Flagellar assembly	55	43	42	41	42	40	41	42	40	40	40
02060	Phosphotransferase system (PTS)	72	53	53	53	53	53	53	53	53	53	53
03008	Ribosome biogenesis in eukaryotes	83	51	47	51	54	57	56	62	63	63	64
03010	Ribosome	143	132	132	132	132	132	132	132	133	133	133
03013	Nucleocytoplasmic transport	98	51	47	51	48	51	49	55	55	54	54
03015	mRNA surveillance pathway	63	36	35	37	40	41	41	42	42	44	42
03018	RNA degradation	79	52	50	49	55	53	53	62	63	64	61
03020	RNA polymerase	66	24	25	27	26	26	28	32	32	32	31
03022	Basal transcription factors	36	23	25	25	28	28	27	29	27	29	27
03030	DNA replication	60	40	39	40	38	38	38	42	42	41	41
03040	Spliceosome	123	44	43	49	45	50	49	52	55	53	52
03050	Proteasome	49	35	33	35	36	36	36	37	37	36	37
03060	Protein export	49	36	33	36	36	38	37	40	41	41	40
03070	Bacterial secretion system	74	42	42	41	41	40	40	44	44	41	42
03082	ATP-dependent chromatin remodeling	84	23	19	25	24	25	26	27	27	27	27
03083	Polycomb repressive complex	65	11	11	11	12	12	11	12	12	12	11
03230	Viral genome structure	119	1	1	1	1	1	1	0	1	1	1
03240	Viral replication	130	10	10	10	9	10	9	9	10	9	10
03250	Viral life cycle - HIV-1	61	16	18	18	18	18	19	19	20	18	19
03258	Virion - Bacteriophage lambda	21	3	4	3	3	1	3	6	5	5	5
03259	Virion - Bacteriophages T4 and T7	68	27	24	26	26	27	25	25	26	25	22
03260	Virion - Human immunodeficiency virus	20	1	1	1	1	1	1	1	1	1	1
03261	Virion - Influenza virus	12	0	0	0	0	0	0	0	0	0	0
03262	Virion - Coronavirus	28	1	1	1	1	0	1	1	1	1	1
03263	Virion - Enterovirus	13	1	1	1	1	1	1	0	1	1	1
03264	Virion - Flavivirus	14	1	1	1	1	1	1	1	1	1	1
03265	Virion - Ebolavirus, Lyssavirus and Morbillivirus	37	1	1	1	1	1	1	1	1	1	1
03266	Virion - Herpesvirus	32	1	1	1	1	1	1	1	1	1	1
03267	Virion - Adenovirus	19	0	0	0	0	0	0	0	0	0	0
03268	Virion - Orthopoxvirus	46	0	0	0	0	0	0	0	0	0	0
03271	Virion - Rotavirus	13	0	0	0	0	0	0	0	0	0	0
03320	PPAR signaling pathway	63	19	18	19	18	18	19	19	21	20	20
03410	Base excision repair	52	31	27	30	30	30	29	31	32	31	30
03420	Nucleotide excision repair	61	44	41	45	45	46	46	46	47	48	45
03430	Mismatch repair	44	36	32	35	35	35	35	38	38	37	37
03440	Homologous recombination	72	43	42	41	40	41	41	44	43	42	43
03450	Non-homologous end-joining	19	4	5	5	5	5	6	7	7	7	7
03460	Fanconi anemia pathway	54	15	13	16	16	17	17	16	18	17	16
04010	MAPK signaling pathway	243	29	28	28	34	35	33	26	29	34	28
04011	MAPK signaling pathway - yeast	91	52	53	56	61	63	64	71	71	71	71
04012	ErbB signaling pathway	69	9	11	11	12	13	14	10	11	12	12
04013	MAPK signaling pathway - fly	84	15	15	16	17	18	16	17	17	19	18
04014	Ras signaling pathway	182	22	22	23	26	28	27	24	25	28	26
04015	Rap1 signaling pathway	162	21	24	24	28	28	29	20	22	28	25
04016	MAPK signaling pathway - plant	54	14	14	14	15	12	13	14	12	13	14
04020	Calcium signaling pathway	198	19	19	20	20	18	20	18	19	19	19
04022	cGMP-PKG signaling pathway	121	20	20	19	23	22	22	21	21	22	21
04024	cAMP signaling pathway	172	21	20	24	27	29	28	24	27	28	26
04060	Cytokine-cytokine receptor interaction	274	5	6	7	5	6	6	7	7	7	7
04061	Viral protein interaction with cytokine and cytokine receptor	120	3	3	4	2	3	2	4	4	3	4
04062	Chemokine signaling pathway	162	20	20	21	24	25	24	22	22	25	23
04064	NF-kappa B signaling pathway	98	13	11	13	12	13	11	12	14	13	11
04066	HIF-1 signaling pathway	76	24	24	24	26	28	26	25	26	25	24
04068	FoxO signaling pathway	103	23	23	24	27	29	28	26	27	27	26
04070	Phosphatidylinositol signaling system	55	21	21	22	22	22	22	22	21	21	22
04071	Sphingolipid signaling pathway	83	21	21	21	26	25	24	23	24	25	23
04072	Phospholipase D signaling pathway	108	19	16	20	20	21	21	16	21	20	18
04075	Plant hormone signal transduction	61	18	20	16	17	13	15	18	11	12	16
04080	Neuroactive ligand-receptor interaction	331	4	4	3	5	4	5	5	5	4	5
04110	Cell cycle	133	38	39	39	46	45	43	49	50	51	50
04111	Cell cycle - yeast	126	71	70	77	81	85	82	89	89	95	93
04112	Cell cycle - Caulobacter	31	19	18	19	18	19	18	19	20	19	19
04113	Meiosis - yeast	103	45	47	52	56	59	56	61	63	65	65
04114	Oocyte meiosis	80	20	25	25	28	27	29	25	26	28	29
04115	p53 signaling pathway	69	11	8	11	10	12	10	11	13	12	11
04120	Ubiquitin mediated proteolysis	133	46	48	45	52	50	51	55	52	55	55
04122	Sulfur relay system	29	19	19	19	19	19	19	20	20	20	20
04130	SNARE interactions in vesicular transport	35	11	8	11	13	11	12	13	14	14	13
04136	Autophagy - other	23	14	15	15	17	18	18	18	18	18	18
04137	Mitophagy - animal	85	31	32	32	31	31	31	34	33	33	33
04138	Autophagy - yeast	82	56	53	59	64	65	65	65	66	66	65
04139	Mitophagy - yeast	34	27	26	25	28	27	28	32	31	31	31
04140	Autophagy - animal	132	45	50	51	51	56	56	55	55	57	55
04141	Protein processing in endoplasmic reticulum	144	70	68	69	72	71	72	76	76	76	76
04142	Lysosome	108	45	47	45	51	50	51	53	53	54	54
04144	Endocytosis	169	56	52	54	56	55	54	65	63	60	62
04145	Phagosome	95	29	31	31	30	31	31	35	35	36	36
04146	Peroxisome	74	37	36	38	37	36	38	40	39	39	41
04148	Efferocytosis	131	28	31	30	32	34	33	30	30	33	32
04150	mTOR signaling pathway	117	39	42	42	43	45	47	47	48	49	48
04151	PI3K-Akt signaling pathway	268	46	45	45	50	53	50	50	50	53	50
04152	AMPK signaling pathway	85	31	28	31	29	33	32	30	34	33	32
04210	Apoptosis	110	21	21	24	26	28	29	20	24	27	23
04211	Longevity regulating pathway	68	17	16	17	17	17	18	18	19	18	19
04212	Longevity regulating pathway - worm	57	18	15	19	16	18	18	16	18	17	18
04213	Longevity regulating pathway - multiple species	58	23	21	23	23	25	24	23	25	24	24
04214	Apoptosis - fly	56	14	13	15	12	15	13	13	15	13	13
04215	Apoptosis - multiple species	40	4	3	4	3	4	3	4	5	4	3
04216	Ferroptosis	33	9	12	11	14	14	15	14	13	15	12
04217	Necroptosis	96	23	20	21	23	25	21	25	25	28	23
04218	Cellular senescence	117	24	23	23	26	26	25	25	25	27	26
04260	Cardiac muscle contraction	67	26	24	26	25	27	25	25	27	25	25
04261	Adrenergic signaling in cardiomyocytes	99	23	21	23	22	23	22	21	24	21	21
04270	Vascular smooth muscle contraction	96	16	20	21	19	21	24	18	19	20	22
04310	Wnt signaling pathway	126	20	18	19	20	20	17	19	20	20	18
04320	Dorso-ventral axis formation	28	2	3	3	4	4	4	4	4	4	4
04330	Notch signaling pathway	36	5	6	7	5	6	5	7	7	6	7
04340	Hedgehog signaling pathway	45	5	3	5	5	6	5	4	5	5	4
04341	Hedgehog signaling pathway - fly	26	8	6	7	8	8	7	7	7	7	6
04350	TGF-beta signaling pathway	96	12	14	14	14	14	14	15	15	15	14
04360	Axon guidance	128	21	25	20	30	28	27	25	22	30	24
04361	Axon regeneration	59	14	16	16	15	15	14	15	14	14	15
04370	VEGF signaling pathway	39	9	12	11	12	12	13	10	11	12	13
04371	Apelin signaling pathway	105	19	21	20	26	26	26	23	24	25	23
04380	Osteoclast differentiation	104	13	15	15	17	18	17	15	15	18	18
04390	Hippo signaling pathway	115	15	12	15	14	15	14	15	17	16	15
04391	Hippo signaling pathway - fly	53	8	5	8	7	8	7	7	8	7	7
04392	Hippo signaling pathway - multiple species	25	8	4	7	6	8	6	6	8	6	6
04510	Focal adhesion	152	30	34	35	37	38	39	32	33	38	37
04512	ECM-receptor interaction	66	14	14	14	15	15	15	14	14	15	14
04514	Cell adhesion molecules	109	6	6	8	5	7	6	8	9	9	9
04520	Adherens junction	83	17	19	18	18	18	17	17	19	18	18
04530	Tight junction	106	26	24	28	32	33	34	29	32	35	32
04540	Gap junction	60	10	12	12	15	14	16	12	12	14	13
04550	Signaling pathways regulating pluripotency of stem cells	114	8	8	8	11	13	12	9	9	12	9
04610	Complement and coagulation cascades	82	9	7	8	10	10	9	9	9	10	8
04611	Platelet activation	90	12	17	17	15	15	18	13	14	14	17
04612	Antigen processing and presentation	47	13	12	13	14	14	12	13	14	14	12
04613	Neutrophil extracellular trap formation	90	20	22	21	22	24	21	21	21	22	21
04614	Renin-angiotensin system	22	6	6	6	7	6	6	7	7	7	7
04620	Toll-like receptor signaling pathway	80	9	8	11	13	16	14	7	11	14	10
04621	NOD-like receptor signaling pathway	145	22	22	25	26	28	27	25	27	27	26
04622	RIG-I-like receptor signaling pathway	55	8	7	8	8	9	8	8	9	8	8
04623	Cytosolic DNA-sensing pathway	68	14	12	15	12	15	12	17	19	16	16
04624	Toll and Imd signaling pathway	57	12	9	11	14	14	13	9	12	14	9
04625	C-type lectin receptor signaling pathway	82	17	19	18	18	18	17	17	18	17	18
04626	Plant-pathogen interaction	87	15	14	17	17	18	19	15	17	16	17
04630	JAK-STAT signaling pathway	143	9	8	9	10	12	11	9	10	12	9
04640	Hematopoietic cell lineage	80	4	4	3	5	4	3	4	3	4	3
04650	Natural killer cell mediated cytotoxicity	94	9	11	11	13	12	13	10	11	13	12
04657	IL-17 signaling pathway	80	10	9	10	11	13	11	10	12	11	10
04658	Th1 and Th2 cell differentiation	67	9	10	10	11	12	11	10	10	13	11
04659	Th17 cell differentiation	87	12	12	11	14	15	13	13	12	16	12
04660	T cell receptor signaling pathway	92	18	19	18	21	22	22	20	21	23	21
04662	B cell receptor signaling pathway	60	9	11	10	13	13	13	10	11	13	12
04664	Fc epsilon RI signaling pathway	47	7	9	9	10	11	11	7	9	10	10
04666	Fc gamma R-mediated phagocytosis	64	21	21	24	26	28	27	24	26	25	26
04668	TNF signaling pathway	97	14	13	13	15	16	13	13	15	13	12
04670	Leukocyte transendothelial migration	75	13	15	16	16	15	17	15	17	19	19
04672	Intestinal immune network for IgA production	37	2	1	2	1	2	0	2	2	2	2
04710	Circadian rhythm	28	5	4	5	5	6	5	6	7	6	6
04711	Circadian rhythm - fly	13	0	0	0	1	1	1	1	1	1	1
04712	Circadian rhythm - plant	28	3	3	4	4	4	4	2	3	4	3
04713	Circadian entrainment	79	8	9	10	11	11	12	9	10	10	10
04714	Thermogenesis	188	73	73	71	73	73	75	76	75	75	75
04720	Long-term potentiation	43	13	15	14	16	14	15	14	14	14	14
04721	Synaptic vesicle cycle	55	24	25	26	25	26	27	28	28	28	28
04722	Neurotrophin signaling pathway	90	18	19	20	20	22	21	19	20	21	21
04723	Retrograde endocannabinoid signaling	119	19	18	18	22	21	20	21	21	19	19
04724	Glutamatergic synapse	89	15	17	17	18	16	19	17	17	17	19
04725	Cholinergic synapse	90	11	12	12	15	15	16	13	14	14	14
04726	Serotonergic synapse	85	8	11	10	12	12	15	12	12	12	14
04727	GABAergic synapse	69	14	14	15	17	17	18	15	16	17	16
04728	Dopaminergic synapse	84	16	17	16	19	18	20	19	18	18	20
04730	Long-term depression	45	6	10	9	10	9	12	9	8	9	11
04740	Olfactory transduction	25	2	2	2	3	3	3	3	3	3	3
04742	Taste transduction	41	3	3	3	2	2	2	2	2	1	2
04744	Phototransduction	18	1	1	1	2	2	2	3	3	3	3
04745	Phototransduction - fly	18	3	3	2	4	3	3	4	3	3	3
04750	Inflammatory mediator regulation of TRP channels	68	12	13	13	12	12	14	10	11	12	12
04810	Regulation of actin cytoskeleton	172	24	30	31	35	36	38	30	31	34	35
04814	Motor proteins	113	22	22	23	23	25	24	22	24	23	22
04820	Cytoskeleton in muscle cells	155	27	28	30	28	30	31	25	28	27	29
04910	Insulin signaling pathway	88	26	28	27	29	29	30	29	30	30	31
04911	Insulin secretion	68	11	12	11	11	9	11	10	9	9	10
04912	GnRH signaling pathway	64	16	16	18	21	20	22	15	17	20	17
04913	Ovarian steroidogenesis	40	4	3	5	4	4	5	2	4	4	3
04914	Progesterone-mediated oocyte maturation	65	13	17	19	19	21	22	16	19	19	21
04915	Estrogen signaling pathway	78	16	17	17	19	19	20	16	17	17	17
04916	Melanogenesis	67	10	11	11	14	13	13	12	12	12	11
04917	Prolactin signaling pathway	57	9	8	9	11	14	12	9	10	12	9
04918	Thyroid hormone synthesis	53	16	16	16	15	14	15	14	14	12	14
04919	Thyroid hormone signaling pathway	91	21	22	21	26	26	25	25	23	25	23
04920	Adipocytokine signaling pathway	54	14	15	14	12	14	15	13	14	12	14
04921	Oxytocin signaling pathway	112	19	20	20	24	23	24	22	22	24	23
04922	Glucagon signaling pathway	57	26	28	25	25	24	25	25	25	22	25
04923	Regulation of lipolysis in adipocytes	47	6	5	7	6	8	8	6	8	8	8
04924	Renin secretion	50	8	9	8	9	8	9	10	9	9	11
04925	Aldosterone synthesis and secretion	65	14	14	14	14	13	14	13	11	13	13
04926	Relaxin signaling pathway	96	14	16	15	19	18	20	16	16	17	17
04927	Cortisol synthesis and secretion	54	5	6	5	5	3	5	4	3	3	4
04928	Parathyroid hormone synthesis, secretion and action	89	13	16	16	19	16	21	16	15	18	18
04929	GnRH secretion	51	5	7	6	7	7	8	6	6	6	7
04930	Type II diabetes mellitus	37	5	6	6	7	6	7	6	6	7	6
04931	Insulin resistance	74	24	25	22	23	25	26	23	24	24	25
04932	Non-alcoholic fatty liver disease	127	40	39	40	42	43	43	40	42	41	42
04933	AGE-RAGE signaling pathway in diabetic complications	76	13	17	15	17	17	18	14	13	16	15
04934	Cushing syndrome	122	11	12	11	16	13	15	14	13	14	13
04935	Growth hormone synthesis, secretion and action	92	16	19	17	22	21	22	16	16	19	17
04936	Alcoholic liver disease	105	22	20	23	20	23	22	19	24	21	22
04940	Type I diabetes mellitus	25	3	3	3	3	3	2	3	3	3	3
04950	Maturity onset diabetes of the young	26	1	0	1	1	1	1	0	1	1	0
04960	Aldosterone-regulated sodium reabsorption	26	7	8	8	8	8	8	8	8	8	8
04961	Endocrine and other factor-regulated calcium reabsorption	33	11	11	12	11	11	11	12	12	10	12
04962	Vasopressin-regulated water reabsorption	33	10	10	11	9	10	10	9	10	9	10
04964	Proximal tubule bicarbonate reclamation	14	8	8	8	8	8	8	8	8	8	8
04966	Collecting duct acid secretion	17	8	9	9	7	8	9	10	10	10	10
04970	Salivary secretion	64	11	12	12	11	10	12	11	11	11	12
04971	Gastric acid secretion	50	10	11	11	11	10	12	11	11	11	12
04972	Pancreatic secretion	69	17	18	19	16	17	18	15	16	16	17
04973	Carbohydrate digestion and absorption	22	10	10	7	10	8	8	10	9	8	9
04974	Protein digestion and absorption	66	26	29	29	26	25	28	28	28	27	30
04975	Fat digestion and absorption	28	10	9	10	9	10	9	9	10	9	9
04976	Bile secretion	62	13	15	16	17	17	18	14	15	17	16
04977	Vitamin digestion and absorption	25	5	7	7	5	6	7	6	7	6	8
04978	Mineral absorption	36	18	17	17	17	18	17	18	18	18	15
04979	Cholesterol metabolism	50	6	7	7	7	7	8	6	6	7	7
04980	Cobalamin transport and metabolism	17	4	4	4	4	4	4	4	4	4	4
05010	Alzheimer disease	300	108	105	105	110	112	112	112	113	112	111
05012	Parkinson disease	209	101	99	97	105	103	105	106	103	103	105
05014	Amyotrophic lateral sclerosis	280	126	123	128	130	132	131	134	134	134	135
05016	Huntington disease	229	110	105	108	116	116	113	117	117	114	113
05017	Spinocerebellar ataxia	116	56	54	54	57	57	57	58	58	57	57
05020	Prion disease	209	93	92	91	97	95	95	97	96	96	97
05022	Pathways of neurodegeneration - multiple diseases	368	128	127	128	135	135	134	134	133	133	133
05030	Cocaine addiction	39	4	5	4	6	5	6	6	5	4	6
05031	Amphetamine addiction	46	10	11	9	12	10	11	11	10	11	11
05032	Morphine addiction	64	6	6	6	8	7	8	7	7	7	7
05033	Nicotine addiction	27	1	1	1	1	1	1	1	1	1	1
05034	Alcoholism	86	18	21	19	22	22	22	23	21	22	23
05100	Bacterial invasion of epithelial cells	76	18	19	19	21	21	21	19	19	20	21
05110	Vibrio cholerae infection	49	15	16	17	14	15	17	19	20	20	20
05111	Biofilm formation - Vibrio cholerae	106	34	35	35	34	33	34	36	34	34	36
05120	Epithelial cell signaling in Helicobacter pylori infection	91	21	22	23	21	22	23	24	25	26	25
05130	Pathogenic Escherichia coli infection	152	33	35	39	40	41	42	35	39	40	40
05131	Shigellosis	205	54	59	62	63	67	67	61	60	65	65
05132	Salmonella infection	217	50	46	52	53	58	53	50	56	53	52
05133	Pertussis	79	19	18	20	21	22	21	20	21	22	20
05134	Legionellosis	69	18	16	18	17	17	17	16	17	16	16
05135	Yersinia infection	122	20	22	25	28	29	30	21	25	27	26
05140	Leishmaniasis	59	8	7	9	10	11	9	8	9	11	8
05142	Chagas disease	85	14	14	15	15	16	16	13	15	14	14
05143	African trypanosomiasis	41	6	5	4	7	6	6	5	5	6	4
05144	Malaria	67	2	2	3	4	4	4	2	3	4	2
05145	Toxoplasmosis	95	21	19	21	22	25	22	21	24	25	22
05146	Amoebiasis	87	22	24	22	22	21	23	22	21	21	23
05150	Staphylococcus aureus infection	74	12	11	12	11	12	10	11	12	11	11
05152	Tuberculosis	131	29	27	29	30	32	28	32	35	34	31
05160	Hepatitis C	112	17	18	17	20	21	21	20	19	21	20
05161	Hepatitis B	132	22	20	21	26	27	25	20	22	24	19
05162	Measles	117	17	13	16	16	20	17	14	17	17	14
05163	Human cytomegalovirus infection	192	26	30	29	32	31	33	29	29	32	32
05164	Influenza A	128	25	22	25	27	30	24	27	30	29	26
05165	Human papillomavirus infection	231	52	55	56	56	60	60	58	60	62	60
05166	Human T-cell leukemia virus 1 infection	191	35	38	39	41	41	39	40	40	42	42
05167	Kaposi sarcoma-associated herpesvirus infection	169	22	23	23	26	28	25	24	24	26	23
05168	Herpes simplex virus 1 infection	149	21	17	22	20	24	21	21	24	25	23
05169	Epstein-Barr virus infection	172	42	35	39	41	44	37	38	41	41	38
05170	Human immunodeficiency virus 1 infection	163	31	32	34	38	40	40	33	37	39	36
05171	Coronavirus disease - COVID-19	219	88	87	88	90	90	90	88	89	92	88
05200	Pathways in cancer	417	61	61	64	69	71	71	64	67	71	67
05202	Transcriptional misregulation in cancer	162	15	14	17	13	16	17	15	19	18	17
05203	Viral carcinogenesis	174	39	43	43	44	44	40	44	40	42	43
05204	Chemical carcinogenesis - DNA adducts	29	1	2	2	2	2	2	2	2	3	3
05205	Proteoglycans in cancer	167	30	35	34	36	37	40	32	33	36	36
05206	MicroRNAs in cancer	245	29	29	29	32	33	30	30	30	31	28
05207	Chemical carcinogenesis - receptor activation	129	23	26	23	27	25	27	24	23	25	25
05208	Chemical carcinogenesis - reactive oxygen species	175	65	63	66	68	71	70	65	67	68	68
05210	Colorectal cancer	72	16	17	19	19	20	21	14	18	19	19
05211	Renal cell carcinoma	56	9	12	12	14	15	15	11	12	13	13
05212	Pancreatic cancer	63	14	13	15	15	17	16	12	14	15	14
05213	Endometrial cancer	45	11	10	12	11	13	12	10	13	12	12
05214	Glioma	54	11	11	12	12	13	13	10	12	11	11
05215	Prostate cancer	81	16	17	17	17	19	18	17	18	16	17
05216	Thyroid cancer	34	6	5	6	9	10	9	6	7	9	5
05217	Basal cell carcinoma	48	4	2	4	3	4	3	2	4	3	2
05218	Melanoma	50	6	6	7	7	8	8	5	7	6	6
05219	Bladder cancer	38	7	9	8	10	9	10	9	7	9	9
05220	Chronic myeloid leukemia	63	10	10	11	11	12	12	9	11	10	10
05221	Acute myeloid leukemia	57	9	11	10	11	12	13	11	11	12	12
05222	Small cell lung cancer	74	17	14	16	16	18	16	16	18	17	16
05223	Non-small cell lung cancer	60	11	10	11	11	13	12	10	11	11	10
05224	Breast cancer	105	10	10	12	11	13	13	8	11	10	10
05225	Hepatocellular carcinoma	116	16	17	19	15	18	19	16	19	17	17
05226	Gastric cancer	108	18	18	19	19	20	20	18	20	19	19
05230	Central carbon metabolism in cancer	49	16	17	17	18	19	19	17	18	18	18
05231	Choline metabolism in cancer	61	19	20	20	23	24	24	20	21	24	22
05235	PD-L1 expression and PD-1 checkpoint pathway in cancer	73	17	16	16	19	21	20	16	18	21	17
05310	Asthma	20	1	1	1	1	1	0	1	1	1	1
05320	Autoimmune thyroid disease	25	1	1	1	1	1	0	1	1	1	1
05321	Inflammatory bowel disease	54	3	3	2	5	5	4	3	2	5	2
05322	Systemic lupus erythematosus	45	7	8	8	7	7	7	9	9	9	9
05323	Rheumatoid arthritis	67	13	14	14	13	14	14	16	16	17	16
05330	Allograft rejection	22	1	1	1	1	1	0	1	1	1	1
05332	Graft-versus-host disease	22	1	1	1	1	1	0	1	1	1	1
05340	Primary immunodeficiency	37	3	3	3	3	3	3	3	3	3	2
05410	Hypertrophic cardiomyopathy	87	8	7	9	8	10	9	7	9	8	8
05412	Arrhythmogenic right ventricular cardiomyopathy	76	6	7	6	8	7	8	7	7	8	8
05414	Dilated cardiomyopathy	95	9	8	11	8	10	10	6	9	8	8
05415	Diabetic cardiomyopathy	160	65	65	64	66	66	66	65	65	64	66
05416	Viral myocarditis	47	6	6	7	6	7	5	5	6	6	6
05417	Lipid and atherosclerosis	160	32	31	31	32	33	31	27	31	31	29
05418	Fluid shear stress and atherosclerosis	99	19	19	19	19	21	20	17	18	19	19
