58035630	F-50179087	2197560	F-50179087-003S	Feces	Secondary	Cryovial 2 mL		2019-12-16	2019-12-16	pre feeding	2019-12-26		NA	7795											95400	105536	Pre-Feed	24	FP885.1.1.0-A-C-D-ADH-MULTI-112-MULTI	Matthew Jackson	Matthew Jackson	0	0	2019-12-26	N	2019-11-21	2024-10-17	Nicole Green	NA	Available		101186	101186 Gastrointestinal Investigation			GEN-70 - All - 1	B1-Life Sciences	No										A1	No		No		866	Snap Freeze Feces	2019	11	hills-rd-etl-spark-demo	manual__2024-12-09T21:15:45.864051+00:00	2024-12-09 21:42:24.000 -0500
58035632	F-50179089	2197569	F-50179089-003S	Feces	Secondary	Cryovial 2 mL		2019-12-16	2019-12-16	pre feeding	2019-12-26		NA	14689											95400	105536	Pre-Feed	24	FP885.1.1.0-A-C-D-ADH-MULTI-112-MULTI	Matthew Jackson	Matthew Jackson	0	0	2019-12-26	N	2019-11-21	2024-10-17	Nicole Green	NA	Available		101186	101186 Gastrointestinal Investigation			GEN-70 - All - 1	B1-Life Sciences	Yes										A1	No		No		866	Snap Freeze Feces	2019	11	hills-rd-etl-spark-demo	manual__2024-12-09T21:15:45.864051+00:00	2024-12-09 21:42:24.000 -0500
58035719	F-50179176	2197948	F-50179176-003S	Feces	Secondary	Cryovial 2 mL		2020-02-24	2020-02-24	pre feeding	2020-03-12		NA	15344											95400	105536	Treatment (test)	66	FP885.1.1.0-A-C-D-ADH-MULTI-112-MULTI	Matthew Jackson	Matthew Jackson	0	0	2020-03-12	N	2019-11-21	2024-10-17	Nicole Green	NA	Available		101186	101186 Gastrointestinal Investigation			GEN-70 - All - 1	B1-Life Sciences	Yes										A1	No		No		866	Snap Freeze Feces	2019	11	hills-rd-etl-spark-demo	manual__2024-12-09T21:15:45.864051+00:00	2024-12-09 21:42:24.000 -0500
58035790	F-50179247	2198236	F-50179247-003S	Feces	Secondary	Cryovial 2 mL		2020-02-24	2020-02-24	pre feeding	2020-03-12		NA	14671											95400	105536	Treatment (test)	66	FP885.1.1.0-A-C-D-ADH-MULTI-112-MULTI	Matthew Jackson	Matthew Jackson	0	0	2020-03-12	N	2019-11-21	2024-10-17	Nicole Green	NA	Available		101186	101186 Gastrointestinal Investigation			GEN-70 - All - 1	B1-Life Sciences	No										A1	No		No		866	Snap Freeze Feces	2019	11	hills-rd-etl-spark-demo	manual__2024-12-09T21:15:45.864051+00:00	2024-12-09 21:42:24.000 -0500
58035609	F-50179066	2197472	F-50179066-003S	Feces	Secondary	Cryovial 2 mL		2020-01-21	2020-01-21	pre feeding	2020-01-24		NA	6909											95400	105536	Treatment (test)	32	FP885.1.1.0-A-C-D-ADH-MULTI-112-MULTI	Matthew Jackson	Matthew Jackson	0	0	2020-01-24	N	2019-11-21	2024-10-17	Rachel Eichman	NA	Available		101186	101186 Gastrointestinal Investigation			GEN-70 - All - 1	B1-Life Sciences	Yes										A1	No		No		866	Snap Freeze Feces	2019	11	hills-rd-etl-spark-demo	manual__2024-12-09T21:15:45.864051+00:00	2024-12-09 21:42:24.000 -0500
58035665	F-50179122	2197722	F-50179122-003S	Feces	Secondary	Cryovial 2 mL		2019-12-16	2019-12-16	pre feeding	2019-12-26		NA	14681											95400	105536	Pre-Feed	24	FP885.1.1.0-A-C-D-ADH-MULTI-112-MULTI	Matthew Jackson	Matthew Jackson	0	0	2019-12-26	N	2019-11-21	2024-10-17	Nicole Green	NA	Available		101186	101186 Gastrointestinal Investigation			GEN-70 - All - 1	B1-Life Sciences	Yes										A1	No		No		866	Snap Freeze Feces	2019	11	hills-rd-etl-spark-demo	manual__2024-12-09T21:15:45.864051+00:00	2024-12-09 21:42:24.000 -0500
58035808	F-50179265	2198308	F-50179265-003S	Feces	Secondary	Cryovial 2 mL		2020-01-21	2020-01-21	pre feeding	2020-01-24		NA	15354											95400	105536	Treatment (test)	32	FP885.1.1.0-A-C-D-ADH-MULTI-112-MULTI	Matthew Jackson	Matthew Jackson	0	0	2020-01-24	N	2019-11-21	2024-10-17	Rachel Eichman	NA	Available		101186	101186 Gastrointestinal Investigation			GEN-70 - All - 1	B1-Life Sciences	No										A1	No		No		866	Snap Freeze Feces	2019	11	hills-rd-etl-spark-demo	manual__2024-12-09T21:15:45.864051+00:00	2024-12-09 21:42:24.000 -0500
58035603	F-50179060	2197448	F-50179060-003S	Feces	Secondary	Cryovial 2 mL		2020-02-24	2020-02-24	pre feeding	2020-03-12		NA	13945											95400	105536	Treatment (test)	66	FP885.1.1.0-A-C-D-ADH-MULTI-112-MULTI	Matthew Jackson	Matthew Jackson	0	0	2020-03-12	N	2019-11-21	2024-10-17	Nicole Green	NA	Available		101186	101186 Gastrointestinal Investigation			GEN-70 - All - 1	B1-Life Sciences	No										A1	No		No		866	Snap Freeze Feces	2019	11	hills-rd-etl-spark-demo	manual__2024-12-09T21:15:45.864051+00:00	2024-12-09 21:42:24.000 -0500
58035628	F-50179085	2197551	F-50179085-003S	Feces	Secondary	Cryovial 2 mL		2019-12-16	2019-12-16	pre feeding	2019-12-26		NA	13973											95400	105536	Pre-Feed	24	FP885.1.1.0-A-C-D-ADH-MULTI-112-MULTI	Matthew Jackson	Matthew Jackson	0	0	2019-12-26	N	2019-11-21	2024-10-17	Nicole Green	NA	Available		101186	101186 Gastrointestinal Investigation			GEN-70 - All - 1	B1-Life Sciences	No										A1	No		No		866	Snap Freeze Feces	2019	11	hills-rd-etl-spark-demo	manual__2024-12-09T21:15:45.864051+00:00	2024-12-09 21:42:24.000 -0500
58035649	F-50179106	2197650	F-50179106-003S	Feces	Secondary	Cryovial 2 mL		2019-12-16	2019-12-16	pre feeding	2019-12-26		NA	14685											95400	105536	Pre-Feed	24	FP885.1.1.0-A-C-D-ADH-MULTI-112-MULTI	Matthew Jackson	Matthew Jackson	0	0	2019-12-26	N	2019-11-21	2024-10-17	Nicole Green	NA	Available		101186	101186 Gastrointestinal Investigation			GEN-70 - All - 1	B1-Life Sciences	No										A1	No		No		866	Snap Freeze Feces	2019	11	hills-rd-etl-spark-demo	manual__2024-12-09T21:15:45.864051+00:00	2024-12-09 21:42:24.000 -0500
58035706	F-50179163	2197900	F-50179163-003S	Feces	Secondary	Cryovial 2 mL		2020-02-24	2020-02-24	pre feeding	2020-03-12		NA	13869											95400	105536	Treatment (test)	66	FP885.1.1.0-A-C-D-ADH-MULTI-112-MULTI	Matthew Jackson	Matthew Jackson	0	0	2020-03-12	N	2019-11-21	2024-10-17	Nicole Green	NA	Available		101186	101186 Gastrointestinal Investigation			GEN-70 - All - 1	B1-Life Sciences	Yes										A1	No		No		866	Snap Freeze Feces	2019	11	hills-rd-etl-spark-demo	manual__2024-12-09T21:15:45.864051+00:00	2024-12-09 21:42:24.000 -0500
58035725	F-50179182	2197972	F-50179182-003S	Feces	Secondary	Cryovial 2 mL		2020-01-21	2020-01-21	pre feeding	2020-01-24		NA	15306											95400	105536	Treatment (test)	32	FP885.1.1.0-A-C-D-ADH-MULTI-112-MULTI	Matthew Jackson	Matthew Jackson	0	0	2020-01-24	N	2019-11-21	2024-10-17	Rachel Eichman	NA	Available		101186	101186 Gastrointestinal Investigation			GEN-70 - All - 1	B1-Life Sciences	No										A1	No		No		866	Snap Freeze Feces	2019	11	hills-rd-etl-spark-demo	manual__2024-12-09T21:15:45.864051+00:00	2024-12-09 21:42:24.000 -0500
58035744	F-50179201	2198052	F-50179201-003S	Feces	Secondary	Cryovial 2 mL		2020-01-21	2020-01-21	pre feeding	2020-01-24		NA	14689											95400	105536	Treatment (test)	32	FP885.1.1.0-A-C-D-ADH-MULTI-112-MULTI	Matthew Jackson	Matthew Jackson	0	0	2020-01-24	N	2019-11-21	2024-10-17	Rachel Eichman	NA	Available		101186	101186 Gastrointestinal Investigation			GEN-70 - All - 1	B1-Life Sciences	No										A1	No		No		866	Snap Freeze Feces	2019	11	hills-rd-etl-spark-demo	manual__2024-12-09T21:15:45.864051+00:00	2024-12-09 21:42:24.000 -0500
58035746	F-50179203	2198060	F-50179203-003S	Feces	Secondary	Cryovial 2 mL		2020-02-24	2020-02-24	pre feeding	2020-03-12		NA	14689											95400	105536	Treatment (test)	66	FP885.1.1.0-A-C-D-ADH-MULTI-112-MULTI	Matthew Jackson	Matthew Jackson	0	0	2020-03-12	N	2019-11-21	2024-10-17	Nicole Green	NA	Available		101186	101186 Gastrointestinal Investigation			GEN-70 - All - 1	B1-Life Sciences	Yes										A1	No		No		866	Snap Freeze Feces	2019	11	hills-rd-etl-spark-demo	manual__2024-12-09T21:15:45.864051+00:00	2024-12-09 21:42:24.000 -0500
58035768	F-50179225	2198148	F-50179225-003S	Feces	Secondary	Cryovial 2 mL		2020-01-22	2020-01-22	pre feeding	2020-01-24		NA	13953											95400	105536	Treatment (test)	32	FP885.1.1.0-A-C-D-ADH-MULTI-112-MULTI	Matthew Jackson	Matthew Jackson	0	0	2020-01-24	N	2019-11-21	2024-10-17	Rachel Eichman	NA	Available		101186	101186 Gastrointestinal Investigation			GEN-70 - All - 1	B1-Life Sciences	No										A1	No		No		866	Snap Freeze Feces	2019	11	hills-rd-etl-spark-demo	manual__2024-12-09T21:15:45.864051+00:00	2024-12-09 21:42:24.000 -0500
58035778	F-50179235	2198188	F-50179235-003S	Feces	Secondary	Cryovial 2 mL		2020-02-24	2020-02-24	pre feeding	2020-03-12		NA	14699											95400	105536	Treatment (test)	66	FP885.1.1.0-A-C-D-ADH-MULTI-112-MULTI	Matthew Jackson	Matthew Jackson	0	0	2020-03-12	N	2019-11-21	2024-10-17	Nicole Green	NA	Available		101186	101186 Gastrointestinal Investigation			GEN-70 - All - 1	B1-Life Sciences	No										A1	No		No		866	Snap Freeze Feces	2019	11	hills-rd-etl-spark-demo	manual__2024-12-09T21:15:45.864051+00:00	2024-12-09 21:42:24.000 -0500
58035655	F-50179112	2197677	F-50179112-003S	Feces	Secondary	Cryovial 2 mL		2019-12-16	2019-12-16	pre feeding	2019-12-26		NA	13953											95400	105536	Pre-Feed	24	FP885.1.1.0-A-C-D-ADH-MULTI-112-MULTI	Matthew Jackson	Matthew Jackson	0	0	2019-12-26	N	2019-11-21	2024-10-17	Nicole Green	NA	Available		101186	101186 Gastrointestinal Investigation			GEN-70 - All - 1	B1-Life Sciences	No										A1	No		No		866	Snap Freeze Feces	2019	11	hills-rd-etl-spark-demo	manual__2024-12-09T21:15:45.864051+00:00	2024-12-09 21:42:24.000 -0500
58035661	F-50179118	2197704	F-50179118-003S	Feces	Secondary	Cryovial 2 mL		2019-12-16	2019-12-16	pre feeding	2019-12-26		NA	14694											95400	105536	Pre-Feed	24	FP885.1.1.0-A-C-D-ADH-MULTI-112-MULTI	Matthew Jackson	Matthew Jackson	0	0	2019-12-26	N	2019-11-21	2024-10-17	Nicole Green	NA	Available		101186	101186 Gastrointestinal Investigation			GEN-70 - All - 1	B1-Life Sciences	No										A1	No		No		866	Snap Freeze Feces	2019	11	hills-rd-etl-spark-demo	manual__2024-12-09T21:15:45.864051+00:00	2024-12-09 21:42:24.000 -0500
58035663	F-50179120	2197713	F-50179120-003S	Feces	Secondary	Cryovial 2 mL		2019-12-16	2019-12-16	pre feeding	2019-12-26		NA	17158											95400	105536	Pre-Feed	24	FP885.1.1.0-A-C-D-ADH-MULTI-112-MULTI	Matthew Jackson	Matthew Jackson	0	0	2019-12-26	N	2019-11-21	2024-10-17	Nicole Green	NA	Available		101186	101186 Gastrointestinal Investigation			GEN-70 - All - 1	B1-Life Sciences	No										A1	No		No		866	Snap Freeze Feces	2019	11	hills-rd-etl-spark-demo	manual__2024-12-09T21:15:45.864051+00:00	2024-12-09 21:42:24.000 -0500
58035741	F-50179198	2198036	F-50179198-003S	Feces	Secondary	Cryovial 2 mL		2020-02-24	2020-02-24	pre feeding	2020-03-12		NA	15069											95400	105536	Treatment (test)	66	FP885.1.1.0-A-C-D-ADH-MULTI-112-MULTI	Matthew Jackson	Matthew Jackson	0	0	2020-03-12	N	2019-11-21	2024-10-17	Nicole Green	NA	Available		101186	101186 Gastrointestinal Investigation			GEN-70 - All - 1	B1-Life Sciences	Yes										A1	No		No		866	Snap Freeze Feces	2019	11	hills-rd-etl-spark-demo	manual__2024-12-09T21:15:45.864051+00:00	2024-12-09 21:42:24.000 -0500
58035752	F-50179209	2198084	F-50179209-003S	Feces	Secondary	Cryovial 2 mL		2020-01-22	2020-01-22	pre feeding	2020-01-24		NA	15068											95400	105536	Treatment (test)	32	FP885.1.1.0-A-C-D-ADH-MULTI-112-MULTI	Matthew Jackson	Matthew Jackson	0	0	2020-01-24	N	2019-11-21	2024-10-17	Rachel Eichman	NA	Available		101186	101186 Gastrointestinal Investigation			GEN-70 - All - 1	B1-Life Sciences	Yes										A1	No		No		866	Snap Freeze Feces	2019	11	hills-rd-etl-spark-demo	manual__2024-12-09T21:15:45.864051+00:00	2024-12-09 21:42:24.000 -0500
58035618	F-50179075	2197506	F-50179075-003S	Feces	Secondary	Cryovial 2 mL		2019-12-16	2019-12-16	pre feeding	2019-12-26		NA	17154											95400	105536	Pre-Feed	24	FP885.1.1.0-A-C-D-ADH-MULTI-112-MULTI	Matthew Jackson	Matthew Jackson	0	0	2019-12-26	N	2019-11-21	2024-10-17	Nicole Green	NA	Available		101186	101186 Gastrointestinal Investigation			GEN-70 - All - 1	B1-Life Sciences	Yes										A1	No		No		866	Snap Freeze Feces	2019	11	hills-rd-etl-spark-demo	manual__2024-12-09T21:15:45.864051+00:00	2024-12-09 21:42:24.000 -0500
58035634	F-50179091	2197578	F-50179091-003S	Feces	Secondary	Cryovial 2 mL		2019-12-16	2019-12-16	pre feeding	2019-12-26		NA	13829											95400	105536	Pre-Feed	24	FP885.1.1.0-A-C-D-ADH-MULTI-112-MULTI	Matthew Jackson	Matthew Jackson	0	0	2019-12-26	N	2019-11-21	2024-10-17	Nicole Green	NA	Available		101186	101186 Gastrointestinal Investigation			GEN-70 - All - 1	B1-Life Sciences	No										A1	No		No		866	Snap Freeze Feces	2019	11	hills-rd-etl-spark-demo	manual__2024-12-09T21:15:45.864051+00:00	2024-12-09 21:42:24.000 -0500
58035666	F-50179123	2197731	F-50179123-003S	Feces	Secondary	Cryovial 2 mL		2019-12-16	2019-12-16	pre feeding	2019-12-26		NA	13945											95400	105536	Pre-Feed	24	FP885.1.1.0-A-C-D-ADH-MULTI-112-MULTI	Matthew Jackson	Matthew Jackson	0	0	2019-12-26	N	2019-11-21	2024-10-17	Nicole Green	NA	Available		101186	101186 Gastrointestinal Investigation			GEN-70 - All - 1	B1-Life Sciences	Yes										A1	No		No		866	Snap Freeze Feces	2019	11	hills-rd-etl-spark-demo	manual__2024-12-09T21:15:45.864051+00:00	2024-12-09 21:42:24.000 -0500
58035672	F-50179129	2197758	F-50179129-003S	Feces	Secondary	Cryovial 2 mL		2019-12-16	2019-12-16	pre feeding	2019-12-26		NA	13796											95400	105536	Pre-Feed	24	FP885.1.1.0-A-C-D-ADH-MULTI-112-MULTI	Matthew Jackson	Matthew Jackson	0	0	2019-12-26	N	2019-11-21	2024-10-17	Nicole Green	NA	Available		101186	101186 Gastrointestinal Investigation			GEN-70 - All - 1	B1-Life Sciences	Yes										A1	No		No		866	Snap Freeze Feces	2019	11	hills-rd-etl-spark-demo	manual__2024-12-09T21:15:45.864051+00:00	2024-12-09 21:42:24.000 -0500
58035678	F-50179135	2197785	F-50179135-003S	Feces	Secondary	Cryovial 2 mL		2019-12-16	2019-12-16	pre feeding	2019-12-26		NA	13840											95400	105536	Pre-Feed	24	FP885.1.1.0-A-C-D-ADH-MULTI-112-MULTI	Matthew Jackson	Matthew Jackson	0	0	2019-12-26	N	2019-11-21	2024-10-17	Nicole Green	NA	Available		101186	101186 Gastrointestinal Investigation			GEN-70 - All - 1	B1-Life Sciences	No										A1	No		No		866	Snap Freeze Feces	2019	11	hills-rd-etl-spark-demo	manual__2024-12-09T21:15:45.864051+00:00	2024-12-09 21:42:24.000 -0500
58035680	F-50179137	2197794	F-50179137-003S	Feces	Secondary	Cryovial 2 mL		2019-12-16	2019-12-16	pre feeding	2019-12-26		NA	16241											95400	105536	Pre-Feed	24	FP885.1.1.0-A-C-D-ADH-MULTI-112-MULTI	Matthew Jackson	Matthew Jackson	0	0	2019-12-26	N	2019-11-21	2024-10-17	Nicole Green	NA	Available		101186	101186 Gastrointestinal Investigation			GEN-70 - All - 1	B1-Life Sciences	Yes										A1	No		No		866	Snap Freeze Feces	2019	11	hills-rd-etl-spark-demo	manual__2024-12-09T21:15:45.864051+00:00	2024-12-09 21:42:24.000 -0500
58035748	F-50179205	2198068	F-50179205-003S	Feces	Secondary	Cryovial 2 mL		2020-01-21	2020-01-21	pre feeding	2020-01-24		NA	13829											95400	105536	Treatment (test)	32	FP885.1.1.0-A-C-D-ADH-MULTI-112-MULTI	Matthew Jackson	Matthew Jackson	0	0	2020-01-24	N	2019-11-21	2024-10-17	Rachel Eichman	NA	Available		101186	101186 Gastrointestinal Investigation			GEN-70 - All - 1	B1-Life Sciences	No										A1	No		No		866	Snap Freeze Feces	2019	11	hills-rd-etl-spark-demo	manual__2024-12-09T21:15:45.864051+00:00	2024-12-09 21:42:24.000 -0500
58035766	F-50179223	2198140	F-50179223-003S	Feces	Secondary	Cryovial 2 mL		2020-02-25	2020-02-25	pre feeding	2020-03-12		NA	14681											95400	105536	Treatment (test)	66	FP885.1.1.0-A-C-D-ADH-MULTI-112-MULTI	Matthew Jackson	Matthew Jackson	0	0	2020-03-12	N	2019-11-21	2024-10-17	Nicole Green	NA	Available		101186	101186 Gastrointestinal Investigation			GEN-70 - All - 1	B1-Life Sciences	No										A1	No		No		866	Snap Freeze Feces	2019	11	hills-rd-etl-spark-demo	manual__2024-12-09T21:15:45.864051+00:00	2024-12-09 21:42:24.000 -0500
58035653	F-50179110	2197668	F-50179110-003S	Feces	Secondary	Cryovial 2 mL		2019-12-16	2019-12-16	pre feeding	2019-12-26		NA	14671											95400	105536	Pre-Feed	24	FP885.1.1.0-A-C-D-ADH-MULTI-112-MULTI	Matthew Jackson	Matthew Jackson	0	0	2019-12-26	N	2019-11-21	2024-10-17	Nicole Green	NA	Available		101186	101186 Gastrointestinal Investigation			GEN-70 - All - 1	B1-Life Sciences	Yes										A1	No		No		866	Snap Freeze Feces	2019	11	hills-rd-etl-spark-demo	manual__2024-12-09T21:15:45.864051+00:00	2024-12-09 21:42:24.000 -0500
58035670	F-50179127	2197749	F-50179127-003S	Feces	Secondary	Cryovial 2 mL		2019-12-16	2019-12-16	pre feeding	2019-12-26		NA	6909											95400	105536	Pre-Feed	24	FP885.1.1.0-A-C-D-ADH-MULTI-112-MULTI	Matthew Jackson	Matthew Jackson	0	0	2019-12-26	N	2019-11-21	2024-10-17	Nicole Green	NA	Available		101186	101186 Gastrointestinal Investigation			GEN-70 - All - 1	B1-Life Sciences	No										A1	No		No		866	Snap Freeze Feces	2019	11	hills-rd-etl-spark-demo	manual__2024-12-09T21:15:45.864051+00:00	2024-12-09 21:42:24.000 -0500
58035694	F-50179151	2197852	F-50179151-003S	Feces	Secondary	Cryovial 2 mL		2020-02-24	2020-02-24	pre feeding	2020-03-12		NA	14683											95400	105536	Treatment (test)	66	FP885.1.1.0-A-C-D-ADH-MULTI-112-MULTI	Matthew Jackson	Matthew Jackson	0	0	2020-03-12	N	2019-11-21	2024-10-17	Nicole Green	NA	Available		101186	101186 Gastrointestinal Investigation			GEN-70 - All - 1	B1-Life Sciences	No										A1	No		No		866	Snap Freeze Feces	2019	11	hills-rd-etl-spark-demo	manual__2024-12-09T21:15:45.864051+00:00	2024-12-09 21:42:24.000 -0500
58035710	F-50179167	2197916	F-50179167-003S	Feces	Secondary	Cryovial 2 mL		2020-02-24	2020-02-24	pre feeding	2020-03-12		NA	13827											95400	105536	Treatment (test)	66	FP885.1.1.0-A-C-D-ADH-MULTI-112-MULTI	Matthew Jackson	Matthew Jackson	0	0	2020-03-12	N	2019-11-21	2024-10-17	Nicole Green	NA	Available		101186	101186 Gastrointestinal Investigation			GEN-70 - All - 1	B1-Life Sciences	Yes										A1	No		No		866	Snap Freeze Feces	2019	11	hills-rd-etl-spark-demo	manual__2024-12-09T21:15:45.864051+00:00	2024-12-09 21:42:24.000 -0500
58035716	F-50179173	2197940	F-50179173-003S	Feces	Secondary	Cryovial 2 mL		2020-01-21	2020-01-21	pre feeding	2020-01-24		NA	14683											95400	105536	Treatment (test)	32	FP885.1.1.0-A-C-D-ADH-MULTI-112-MULTI	Matthew Jackson	Matthew Jackson	0	0	2020-01-24	N	2019-11-21	2024-10-17	Rachel Eichman	NA	Available		101186	101186 Gastrointestinal Investigation			GEN-70 - All - 1	B1-Life Sciences	No										A1	No		No		866	Snap Freeze Feces	2019	11	hills-rd-etl-spark-demo	manual__2024-12-09T21:15:45.864051+00:00	2024-12-09 21:42:24.000 -0500
58035764	F-50179221	2198132	F-50179221-003S	Feces	Secondary	Cryovial 2 mL		2020-01-21	2020-01-21	pre feeding	2020-01-24		NA	14681											95400	105536	Treatment (test)	32	FP885.1.1.0-A-C-D-ADH-MULTI-112-MULTI	Matthew Jackson	Matthew Jackson	0	0	2020-01-24	N	2019-11-21	2024-10-17	Rachel Eichman	NA	Available		101186	101186 Gastrointestinal Investigation			GEN-70 - All - 1	B1-Life Sciences	Yes										A1	No		No		866	Snap Freeze Feces	2019	11	hills-rd-etl-spark-demo	manual__2024-12-09T21:15:45.864051+00:00	2024-12-09 21:42:24.000 -0500
58035792	F-50179249	2198244	F-50179249-003S	Feces	Secondary	Cryovial 2 mL		2020-01-21	2020-01-21	pre feeding	2020-01-24		NA	13840											95400	105536	Treatment (test)	32	FP885.1.1.0-A-C-D-ADH-MULTI-112-MULTI	Matthew Jackson	Matthew Jackson	0	0	2020-01-24	N	2019-11-21	2024-10-17	Rachel Eichman	NA	Available		101186	101186 Gastrointestinal Investigation			GEN-70 - All - 1	B1-Life Sciences	No										A1	No		No		866	Snap Freeze Feces	2019	11	hills-rd-etl-spark-demo	manual__2024-12-09T21:15:45.864051+00:00	2024-12-09 21:42:24.000 -0500
58035614	F-50179071	2197488	F-50179071-003S	Feces	Secondary	Cryovial 2 mL		2019-12-16	2019-12-16	pre feeding	2019-12-26		NA	13869											95400	105536	Pre-Feed	24	FP885.1.1.0-A-C-D-ADH-MULTI-112-MULTI	Matthew Jackson	Matthew Jackson	0	0	2019-12-26	N	2019-11-21	2024-10-17	Nicole Green	NA	Available		101186	101186 Gastrointestinal Investigation			GEN-70 - All - 1	B1-Life Sciences	No										A1	No		No		866	Snap Freeze Feces	2019	11	hills-rd-etl-spark-demo	manual__2024-12-09T21:15:45.864051+00:00	2024-12-09 21:42:24.000 -0500
58035646	F-50179103	2197632	F-50179103-003S	Feces	Secondary	Cryovial 2 mL		2019-12-16	2019-12-16	pre feeding	2019-12-26		NA	13832											95400	105536	Pre-Feed	24	FP885.1.1.0-A-C-D-ADH-MULTI-112-MULTI	Matthew Jackson	Matthew Jackson	0	0	2019-12-26	N	2019-11-21	2024-10-17	Nicole Green	NA	Available		101186	101186 Gastrointestinal Investigation			GEN-70 - All - 1	B1-Life Sciences	Yes										A1	No		No		866	Snap Freeze Feces	2019	11	hills-rd-etl-spark-demo	manual__2024-12-09T21:15:45.864051+00:00	2024-12-09 21:42:24.000 -0500
58035739	F-50179196	2198028	F-50179196-003S	Feces	Secondary	Cryovial 2 mL		2020-01-21	2020-01-21	pre feeding	2020-01-24		NA	15069											95400	105536	Treatment (test)	32	FP885.1.1.0-A-C-D-ADH-MULTI-112-MULTI	Matthew Jackson	Matthew Jackson	0	0	2020-01-24	N	2019-11-21	2024-10-17	Rachel Eichman	NA	Available		101186	101186 Gastrointestinal Investigation			GEN-70 - All - 1	B1-Life Sciences	Yes										A1	No		No		866	Snap Freeze Feces	2019	11	hills-rd-etl-spark-demo	manual__2024-12-09T21:15:45.864051+00:00	2024-12-09 21:42:24.000 -0500
58035786	F-50179243	2198220	F-50179243-003S	Feces	Secondary	Cryovial 2 mL		2020-02-24	2020-02-24	pre feeding	2020-03-12		NA	14643											95400	105536	Treatment (test)	66	FP885.1.1.0-A-C-D-ADH-MULTI-112-MULTI	Matthew Jackson	Matthew Jackson	0	0	2020-03-12	N	2019-11-21	2024-10-17	Nicole Green	NA	Available		101186	101186 Gastrointestinal Investigation			GEN-70 - All - 1	B1-Life Sciences	Yes										A1	No		No		866	Snap Freeze Feces	2019	11	hills-rd-etl-spark-demo	manual__2024-12-09T21:15:45.864051+00:00	2024-12-09 21:42:24.000 -0500
58035800	F-50179257	2198276	F-50179257-003S	Feces	Secondary	Cryovial 2 mL		2020-01-21	2020-01-21	pre feeding	2020-01-24		NA	16250											95400	105536	Treatment (test)	32	FP885.1.1.0-A-C-D-ADH-MULTI-112-MULTI	Matthew Jackson	Matthew Jackson	0	0	2020-01-24	N	2019-11-21	2024-10-17	Rachel Eichman	NA	Available		101186	101186 Gastrointestinal Investigation			GEN-70 - All - 1	B1-Life Sciences	No										A1	No		No		866	Snap Freeze Feces	2019	11	hills-rd-etl-spark-demo	manual__2024-12-09T21:15:45.864051+00:00	2024-12-09 21:42:24.000 -0500
58035607	F-50179064	2197464	F-50179064-003S	Feces	Secondary	Cryovial 2 mL		2020-02-24	2020-02-24	pre feeding	2020-03-12		NA	13838											95400	105536	Treatment (test)	66	FP885.1.1.0-A-C-D-ADH-MULTI-112-MULTI	Matthew Jackson	Matthew Jackson	0	0	2020-03-12	N	2019-11-21	2024-10-17	Nicole Green	NA	Available		101186	101186 Gastrointestinal Investigation			GEN-70 - All - 1	B1-Life Sciences	Yes										A1	No		No		866	Snap Freeze Feces	2019	11	hills-rd-etl-spark-demo	manual__2024-12-09T21:15:45.864051+00:00	2024-12-09 21:42:24.000 -0500
58035636	F-50179093	2197587	F-50179093-003S	Feces	Secondary	Cryovial 2 mL		2019-12-17	2019-12-17	pre feeding	2019-12-26		NA	15068											95400	105536	Pre-Feed	24	FP885.1.1.0-A-C-D-ADH-MULTI-112-MULTI	Matthew Jackson	Matthew Jackson	0	0	2019-12-26	N	2019-11-21	2024-10-17	Nicole Green	NA	Available		101186	101186 Gastrointestinal Investigation			GEN-70 - All - 1	B1-Life Sciences	Yes										A1	No		No		866	Snap Freeze Feces	2019	11	hills-rd-etl-spark-demo	manual__2024-12-09T21:15:45.864051+00:00	2024-12-09 21:42:24.000 -0500
58035686	F-50179143	2197820	F-50179143-003S	Feces	Secondary	Cryovial 2 mL		2020-01-21	2020-01-21	pre feeding	2020-01-24		NA	13973											95400	105536	Treatment (test)	32	FP885.1.1.0-A-C-D-ADH-MULTI-112-MULTI	Matthew Jackson	Matthew Jackson	0	0	2020-01-24	N	2019-11-21	2024-10-17	Rachel Eichman	NA	Available		101186	101186 Gastrointestinal Investigation			GEN-70 - All - 1	B1-Life Sciences	Yes										A1	No		No		866	Snap Freeze Feces	2019	11	hills-rd-etl-spark-demo	manual__2024-12-09T21:15:45.864051+00:00	2024-12-09 21:42:24.000 -0500
58035688	F-50179145	2197828	F-50179145-003S	Feces	Secondary	Cryovial 2 mL		2020-02-24	2020-02-24	pre feeding	2020-03-12		NA	13973											95400	105536	Treatment (test)	66	FP885.1.1.0-A-C-D-ADH-MULTI-112-MULTI	Matthew Jackson	Matthew Jackson	0	0	2020-03-12	N	2019-11-21	2024-10-17	Nicole Green	NA	Available		101186	101186 Gastrointestinal Investigation			GEN-70 - All - 1	B1-Life Sciences	No										A1	No		No		866	Snap Freeze Feces	2019	11	hills-rd-etl-spark-demo	manual__2024-12-09T21:15:45.864051+00:00	2024-12-09 21:42:24.000 -0500
58035702	F-50179159	2197884	F-50179159-003S	Feces	Secondary	Cryovial 2 mL		2020-02-24	2020-02-24	pre feeding	2020-03-12		NA	13839											95400	105536	Treatment (test)	66	FP885.1.1.0-A-C-D-ADH-MULTI-112-MULTI	Matthew Jackson	Matthew Jackson	0	0	2020-03-12	N	2019-11-21	2024-10-17	Nicole Green	NA	Available		101186	101186 Gastrointestinal Investigation			GEN-70 - All - 1	B1-Life Sciences	No										A1	No		No		866	Snap Freeze Feces	2019	11	hills-rd-etl-spark-demo	manual__2024-12-09T21:15:45.864051+00:00	2024-12-09 21:42:24.000 -0500
58035733	F-50179190	2198004	F-50179190-003S	Feces	Secondary	Cryovial 2 mL		2020-02-24	2020-02-24	pre feeding	2020-03-12		NA	15078											95400	105536	Treatment (test)	66	FP885.1.1.0-A-C-D-ADH-MULTI-112-MULTI	Matthew Jackson	Matthew Jackson	0	0	2020-03-12	N	2019-11-21	2024-10-17	Nicole Green	NA	Available		101186	101186 Gastrointestinal Investigation			GEN-70 - All - 1	B1-Life Sciences	No										A1	No		No		866	Snap Freeze Feces	2019	11	hills-rd-etl-spark-demo	manual__2024-12-09T21:15:45.864051+00:00	2024-12-09 21:42:24.000 -0500
58035750	F-50179207	2198076	F-50179207-003S	Feces	Secondary	Cryovial 2 mL		2020-02-24	2020-02-24	pre feeding	2020-03-12		NA	13829											95400	105536	Treatment (test)	66	FP885.1.1.0-A-C-D-ADH-MULTI-112-MULTI	Matthew Jackson	Matthew Jackson	0	0	2020-03-12	N	2019-11-21	2024-10-17	Nicole Green	NA	Available		101186	101186 Gastrointestinal Investigation			GEN-70 - All - 1	B1-Life Sciences	Yes										A1	No		No		866	Snap Freeze Feces	2019	11	hills-rd-etl-spark-demo	manual__2024-12-09T21:15:45.864051+00:00	2024-12-09 21:42:24.000 -0500
58035754	F-50179211	2198092	F-50179211-003S	Feces	Secondary	Cryovial 2 mL		2020-02-24	2020-02-24	pre feeding	2020-03-12		NA	15068											95400	105536	Treatment (test)	66	FP885.1.1.0-A-C-D-ADH-MULTI-112-MULTI	Matthew Jackson	Matthew Jackson	0	0	2020-03-12	N	2019-11-21	2024-10-17	Nicole Green	NA	Available		101186	101186 Gastrointestinal Investigation			GEN-70 - All - 1	B1-Life Sciences	No										A1	No		No		866	Snap Freeze Feces	2019	11	hills-rd-etl-spark-demo	manual__2024-12-09T21:15:45.864051+00:00	2024-12-09 21:42:24.000 -0500
58035772	F-50179229	2198164	F-50179229-003S	Feces	Secondary	Cryovial 2 mL		2020-01-21	2020-01-21	pre feeding	2020-01-24		NA	13946											95400	105536	Treatment (test)	32	FP885.1.1.0-A-C-D-ADH-MULTI-112-MULTI	Matthew Jackson	Matthew Jackson	0	0	2020-01-24	N	2019-11-21	2024-10-17	Rachel Eichman	NA	Available		101186	101186 Gastrointestinal Investigation			GEN-70 - All - 1	B1-Life Sciences	No										A1	No		No		866	Snap Freeze Feces	2019	11	hills-rd-etl-spark-demo	manual__2024-12-09T21:15:45.864051+00:00	2024-12-09 21:42:24.000 -0500
58035806	F-50179263	2198300	F-50179263-003S	Feces	Secondary	Cryovial 2 mL		2020-02-24	2020-02-24	pre feeding	2020-03-12		NA	13796											95400	105536	Treatment (test)	66	FP885.1.1.0-A-C-D-ADH-MULTI-112-MULTI	Matthew Jackson	Matthew Jackson	0	0	2020-03-12	N	2019-11-21	2024-10-17	Nicole Green	NA	Available		101186	101186 Gastrointestinal Investigation			GEN-70 - All - 1	B1-Life Sciences	No										A1	No		No		866	Snap Freeze Feces	2019	11	hills-rd-etl-spark-demo	manual__2024-12-09T21:15:45.864051+00:00	2024-12-09 21:42:24.000 -0500
58035616	F-50179073	2197497	F-50179073-003S	Feces	Secondary	Cryovial 2 mL		2019-12-16	2019-12-16	pre feeding	2019-12-26		NA	13827											95400	105536	Pre-Feed	24	FP885.1.1.0-A-C-D-ADH-MULTI-112-MULTI	Matthew Jackson	Matthew Jackson	0	0	2019-12-26	N	2019-11-21	2024-10-17	Nicole Green	NA	Available		101186	101186 Gastrointestinal Investigation			GEN-70 - All - 1	B1-Life Sciences	No										A1	No		No		866	Snap Freeze Feces	2019	11	hills-rd-etl-spark-demo	manual__2024-12-09T21:15:45.864051+00:00	2024-12-09 21:42:24.000 -0500
58035659	F-50179116	2197695	F-50179116-003S	Feces	Secondary	Cryovial 2 mL		2019-12-16	2019-12-16	pre feeding	2019-12-26		NA	14699											95400	105536	Pre-Feed	24	FP885.1.1.0-A-C-D-ADH-MULTI-112-MULTI	Matthew Jackson	Matthew Jackson	0	0	2019-12-26	N	2019-11-21	2024-10-17	Nicole Green	NA	Available		101186	101186 Gastrointestinal Investigation			GEN-70 - All - 1	B1-Life Sciences	No										A1	No		No		866	Snap Freeze Feces	2019	11	hills-rd-etl-spark-demo	manual__2024-12-09T21:15:45.864051+00:00	2024-12-09 21:42:24.000 -0500
58035690	F-50179147	2197836	F-50179147-003S	Feces	Secondary	Cryovial 2 mL		2020-01-21	2020-01-21	pre feeding	2020-01-24		NA	7795											95400	105536	Treatment (test)	32	FP885.1.1.0-A-C-D-ADH-MULTI-112-MULTI	Matthew Jackson	Matthew Jackson	0	0	2020-01-24	N	2019-11-21	2024-10-17	Rachel Eichman	NA	Available		101186	101186 Gastrointestinal Investigation			GEN-70 - All - 1	B1-Life Sciences	No										A1	No		No		866	Snap Freeze Feces	2019	11	hills-rd-etl-spark-demo	manual__2024-12-09T21:15:45.864051+00:00	2024-12-09 21:42:24.000 -0500
58035727	F-50179184	2197980	F-50179184-003S	Feces	Secondary	Cryovial 2 mL		2020-02-25	2020-02-25	pre feeding	2020-03-12		NA	15306											95400	105536	Treatment (test)	66	FP885.1.1.0-A-C-D-ADH-MULTI-112-MULTI	Matthew Jackson	Matthew Jackson	0	0	2020-03-12	N	2019-11-21	2024-10-17	Nicole Green	NA	Available		101186	101186 Gastrointestinal Investigation			GEN-70 - All - 1	B1-Life Sciences	Yes										A1	No		No		866	Snap Freeze Feces	2019	11	hills-rd-etl-spark-demo	manual__2024-12-09T21:15:45.864051+00:00	2024-12-09 21:42:24.000 -0500
58035762	F-50179219	2198124	F-50179219-003S	Feces	Secondary	Cryovial 2 mL		2020-02-24	2020-02-24	pre feeding	2020-03-12		NA	17158											95400	105536	Treatment (test)	66	FP885.1.1.0-A-C-D-ADH-MULTI-112-MULTI	Matthew Jackson	Matthew Jackson	0	0	2020-03-12	N	2019-11-21	2024-10-17	Nicole Green	NA	Available		101186	101186 Gastrointestinal Investigation			GEN-70 - All - 1	B1-Life Sciences	No										A1	No		No		866	Snap Freeze Feces	2019	11	hills-rd-etl-spark-demo	manual__2024-12-09T21:15:45.864051+00:00	2024-12-09 21:42:24.000 -0500
58035814	F-50179271	2198332	F-50179271-003S	Feces	Secondary	Cryovial 2 mL		2020-02-25	2020-02-25	pre feeding	2020-03-12		NA	14641											95400	105536	Treatment (test)	66	FP885.1.1.0-A-C-D-ADH-MULTI-112-MULTI	Matthew Jackson	Matthew Jackson	0	0	2020-03-12	N	2019-11-21	2024-10-17	Nicole Green	NA	Available		101186	101186 Gastrointestinal Investigation			GEN-70 - All - 1	B1-Life Sciences	No										A1	No		No		866	Snap Freeze Feces	2019	11	hills-rd-etl-spark-demo	manual__2024-12-09T21:15:45.864051+00:00	2024-12-09 21:42:24.000 -0500
58035611	F-50179068	2197480	F-50179068-003S	Feces	Secondary	Cryovial 2 mL		2020-02-24	2020-02-24	pre feeding	2020-03-12		NA	6909											95400	105536	Treatment (test)	66	FP885.1.1.0-A-C-D-ADH-MULTI-112-MULTI	Matthew Jackson	Matthew Jackson	0	0	2020-03-12	N	2019-11-21	2024-10-17	Nicole Green	NA	Available		101186	101186 Gastrointestinal Investigation			GEN-70 - All - 1	B1-Life Sciences	No										A1	No		No		866	Snap Freeze Feces	2019	11	hills-rd-etl-spark-demo	manual__2024-12-09T21:15:45.864051+00:00	2024-12-09 21:42:24.000 -0500
58035657	F-50179114	2197686	F-50179114-003S	Feces	Secondary	Cryovial 2 mL		2019-12-16	2019-12-16	pre feeding	2019-12-26		NA	13946											95400	105536	Pre-Feed	24	FP885.1.1.0-A-C-D-ADH-MULTI-112-MULTI	Matthew Jackson	Matthew Jackson	0	0	2019-12-26	N	2019-11-21	2024-10-17	Nicole Green	NA	Available		101186	101186 Gastrointestinal Investigation			GEN-70 - All - 1	B1-Life Sciences	Yes										A1	No		No		866	Snap Freeze Feces	2019	11	hills-rd-etl-spark-demo	manual__2024-12-09T21:15:45.864051+00:00	2024-12-09 21:42:24.000 -0500
58035668	F-50179125	2197740	F-50179125-003S	Feces	Secondary	Cryovial 2 mL		2019-12-16	2019-12-16	pre feeding	2019-12-26		NA	13838											95400	105536	Pre-Feed	24	FP885.1.1.0-A-C-D-ADH-MULTI-112-MULTI	Matthew Jackson	Matthew Jackson	0	0	2019-12-26	N	2019-11-21	2024-10-17	Nicole Green	NA	Available		101186	101186 Gastrointestinal Investigation			GEN-70 - All - 1	B1-Life Sciences	Yes										A1	No		No		866	Snap Freeze Feces	2019	11	hills-rd-etl-spark-demo	manual__2024-12-09T21:15:45.864051+00:00	2024-12-09 21:42:24.000 -0500
58035802	F-50179259	2198284	F-50179259-003S	Feces	Secondary	Cryovial 2 mL		2020-02-24	2020-02-24	pre feeding	2020-03-12		NA	16250											95400	105536	Treatment (test)	66	FP885.1.1.0-A-C-D-ADH-MULTI-112-MULTI	Matthew Jackson	Matthew Jackson	0	0	2020-03-12	N	2019-11-21	2024-10-17	Nicole Green	NA	Available		101186	101186 Gastrointestinal Investigation			GEN-70 - All - 1	B1-Life Sciences	Yes										A1	No		No		866	Snap Freeze Feces	2019	11	hills-rd-etl-spark-demo	manual__2024-12-09T21:15:45.864051+00:00	2024-12-09 21:42:24.000 -0500
58035626	F-50179083	2197542	F-50179083-003S	Feces	Secondary	Cryovial 2 mL		2019-12-16	2019-12-16	pre feeding	2019-12-26		NA	15181											95400	105536	Pre-Feed	24	FP885.1.1.0-A-C-D-ADH-MULTI-112-MULTI	Matthew Jackson	Matthew Jackson	0	0	2019-12-26	N	2019-11-21	2024-10-17	Nicole Green	NA	Available		101186	101186 Gastrointestinal Investigation			GEN-70 - All - 1	B1-Life Sciences	Yes										A1	No		No		866	Snap Freeze Feces	2019	11	hills-rd-etl-spark-demo	manual__2024-12-09T21:15:45.864051+00:00	2024-12-09 21:42:24.000 -0500
58035640	F-50179097	2197605	F-50179097-003S	Feces	Secondary	Cryovial 2 mL		2019-12-16	2019-12-16	pre feeding	2019-12-26		NA	7068											95400	105536	Pre-Feed	24	FP885.1.1.0-A-C-D-ADH-MULTI-112-MULTI	Matthew Jackson	Matthew Jackson	0	0	2019-12-26	N	2019-11-21	2024-10-17	Nicole Green	NA	Available		101186	101186 Gastrointestinal Investigation			GEN-70 - All - 1	B1-Life Sciences	Yes										A1	No		No		866	Snap Freeze Feces	2019	11	hills-rd-etl-spark-demo	manual__2024-12-09T21:15:45.864051+00:00	2024-12-09 21:42:24.000 -0500
58035674	F-50179131	2197767	F-50179131-003S	Feces	Secondary	Cryovial 2 mL		2019-12-16	2019-12-16	pre feeding	2019-12-26		NA	15354											95400	105536	Pre-Feed	24	FP885.1.1.0-A-C-D-ADH-MULTI-112-MULTI	Matthew Jackson	Matthew Jackson	0	0	2019-12-26	N	2019-11-21	2024-10-17	Nicole Green	NA	Available		101186	101186 Gastrointestinal Investigation			GEN-70 - All - 1	B1-Life Sciences	No										A1	No		No		866	Snap Freeze Feces	2019	11	hills-rd-etl-spark-demo	manual__2024-12-09T21:15:45.864051+00:00	2024-12-09 21:42:24.000 -0500
58035735	F-50179192	2198012	F-50179192-003S	Feces	Secondary	Cryovial 2 mL		2020-01-21	2020-01-21	pre feeding	2020-01-24		NA	7068											95400	105536	Treatment (test)	32	FP885.1.1.0-A-C-D-ADH-MULTI-112-MULTI	Matthew Jackson	Matthew Jackson	0	0	2020-01-24	N	2019-11-21	2024-10-17	Rachel Eichman	NA	Available		101186	101186 Gastrointestinal Investigation			GEN-70 - All - 1	B1-Life Sciences	No										A1	No		No		866	Snap Freeze Feces	2019	11	hills-rd-etl-spark-demo	manual__2024-12-09T21:15:45.864051+00:00	2024-12-09 21:42:24.000 -0500
58035774	F-50179231	2198172	F-50179231-003S	Feces	Secondary	Cryovial 2 mL		2020-02-24	2020-02-24	pre feeding	2020-03-12		NA	13946											95400	105536	Treatment (test)	66	FP885.1.1.0-A-C-D-ADH-MULTI-112-MULTI	Matthew Jackson	Matthew Jackson	0	0	2020-03-12	N	2019-11-21	2024-10-17	Nicole Green	NA	Available		101186	101186 Gastrointestinal Investigation			GEN-70 - All - 1	B1-Life Sciences	Yes										A1	No		No		866	Snap Freeze Feces	2019	11	hills-rd-etl-spark-demo	manual__2024-12-09T21:15:45.864051+00:00	2024-12-09 21:42:24.000 -0500
58035804	F-50179261	2198292	F-50179261-003S	Feces	Secondary	Cryovial 2 mL		2020-01-21	2020-01-21	pre feeding	2020-01-24		NA	13796											95400	105536	Treatment (test)	32	FP885.1.1.0-A-C-D-ADH-MULTI-112-MULTI	Matthew Jackson	Matthew Jackson	0	0	2020-01-24	N	2019-11-21	2024-10-17	Rachel Eichman	NA	Available		101186	101186 Gastrointestinal Investigation			GEN-70 - All - 1	B1-Life Sciences	Yes										A1	No		No		866	Snap Freeze Feces	2019	11	hills-rd-etl-spark-demo	manual__2024-12-09T21:15:45.864051+00:00	2024-12-09 21:42:24.000 -0500
58035812	F-50179269	2198324	F-50179269-003S	Feces	Secondary	Cryovial 2 mL		2020-01-21	2020-01-21	pre feeding	2020-01-24		NA	14641											95400	105536	Treatment (test)	32	FP885.1.1.0-A-C-D-ADH-MULTI-112-MULTI	Matthew Jackson	Matthew Jackson	0	0	2020-01-24	N	2019-11-21	2024-10-17	Rachel Eichman	NA	Available		101186	101186 Gastrointestinal Investigation			GEN-70 - All - 1	B1-Life Sciences	Yes										A1	No		No		866	Snap Freeze Feces	2019	11	hills-rd-etl-spark-demo	manual__2024-12-09T21:15:45.864051+00:00	2024-12-09 21:42:24.000 -0500
58035601	F-50179058	2197440	F-50179058-003S	Feces	Secondary	Cryovial 2 mL		2020-01-21	2020-01-21	pre feeding	2020-01-24		NA	13945											95400	105536	Treatment (test)	32	FP885.1.1.0-A-C-D-ADH-MULTI-112-MULTI	Matthew Jackson	Matthew Jackson	0	0	2020-01-24	N	2019-11-21	2024-10-17	Rachel Eichman	NA	Available		101186	101186 Gastrointestinal Investigation			GEN-70 - All - 1	B1-Life Sciences	Yes										A1	No		No		866	Snap Freeze Feces	2019	11	hills-rd-etl-spark-demo	manual__2024-12-09T21:15:45.864051+00:00	2024-12-09 21:42:24.000 -0500
58035648	F-50179105	2197641	F-50179105-003S	Feces	Secondary	Cryovial 2 mL		2019-12-16	2019-12-16	pre feeding	2019-12-26		NA	15306											95400	105536	Pre-Feed	24	FP885.1.1.0-A-C-D-ADH-MULTI-112-MULTI	Matthew Jackson	Matthew Jackson	0	0	2019-12-26	N	2019-11-21	2024-10-17	Nicole Green	NA	Available		101186	101186 Gastrointestinal Investigation			GEN-70 - All - 1	B1-Life Sciences	No										A1	No		No		866	Snap Freeze Feces	2019	11	hills-rd-etl-spark-demo	manual__2024-12-09T21:15:45.864051+00:00	2024-12-09 21:42:24.000 -0500
58035692	F-50179149	2197844	F-50179149-003S	Feces	Secondary	Cryovial 2 mL		2020-02-24	2020-02-24	pre feeding	2020-03-12		NA	7795											95400	105536	Treatment (test)	66	FP885.1.1.0-A-C-D-ADH-MULTI-112-MULTI	Matthew Jackson	Matthew Jackson	0	0	2020-03-12	N	2019-11-21	2024-10-17	Nicole Green	NA	Available		101186	101186 Gastrointestinal Investigation			GEN-70 - All - 1	B1-Life Sciences	No										A1	No		No		866	Snap Freeze Feces	2019	11	hills-rd-etl-spark-demo	manual__2024-12-09T21:15:45.864051+00:00	2024-12-09 21:42:24.000 -0500
58035696	F-50179153	2197860	F-50179153-003S	Feces	Secondary	Cryovial 2 mL		2020-01-21	2020-01-21	pre feeding	2020-01-24		NA	17237											95400	105536	Treatment (test)	32	FP885.1.1.0-A-C-D-ADH-MULTI-112-MULTI	Matthew Jackson	Matthew Jackson	0	0	2020-01-24	N	2019-11-21	2024-10-17	Rachel Eichman	NA	Available		101186	101186 Gastrointestinal Investigation			GEN-70 - All - 1	B1-Life Sciences	Yes										A1	No		No		866	Snap Freeze Feces	2019	11	hills-rd-etl-spark-demo	manual__2024-12-09T21:15:45.864051+00:00	2024-12-09 21:42:24.000 -0500
58035700	F-50179157	2197876	F-50179157-003S	Feces	Secondary	Cryovial 2 mL		2020-01-21	2020-01-21	pre feeding	2020-01-24		NA	13839											95400	105536	Treatment (test)	32	FP885.1.1.0-A-C-D-ADH-MULTI-112-MULTI	Matthew Jackson	Matthew Jackson	0	0	2020-01-24	N	2019-11-21	2024-10-17	Rachel Eichman	NA	Available		101186	101186 Gastrointestinal Investigation			GEN-70 - All - 1	B1-Life Sciences	No										A1	No		No		866	Snap Freeze Feces	2019	11	hills-rd-etl-spark-demo	manual__2024-12-09T21:15:45.864051+00:00	2024-12-09 21:42:24.000 -0500
58035737	F-50179194	2198020	F-50179194-003S	Feces	Secondary	Cryovial 2 mL		2020-02-24	2020-02-24	pre feeding	2020-03-12		NA	7068											95400	105536	Treatment (test)	66	FP885.1.1.0-A-C-D-ADH-MULTI-112-MULTI	Matthew Jackson	Matthew Jackson	0	0	2020-03-12	N	2019-11-21	2024-10-17	Nicole Green	NA	Available		101186	101186 Gastrointestinal Investigation			GEN-70 - All - 1	B1-Life Sciences	No										A1	No		No		866	Snap Freeze Feces	2019	11	hills-rd-etl-spark-demo	manual__2024-12-09T21:15:45.864051+00:00	2024-12-09 21:42:24.000 -0500
58035784	F-50179241	2198212	F-50179241-003S	Feces	Secondary	Cryovial 2 mL		2020-01-21	2020-01-21	pre feeding	2020-01-24		NA	14643											95400	105536	Treatment (test)	32	FP885.1.1.0-A-C-D-ADH-MULTI-112-MULTI	Matthew Jackson	Matthew Jackson	0	0	2020-01-24	N	2019-11-21	2024-10-17	Rachel Eichman	NA	Available		101186	101186 Gastrointestinal Investigation			GEN-70 - All - 1	B1-Life Sciences	No										A1	No		No		866	Snap Freeze Feces	2019	11	hills-rd-etl-spark-demo	manual__2024-12-09T21:15:45.864051+00:00	2024-12-09 21:42:24.000 -0500
58035624	F-50179081	2197533	F-50179081-003S	Feces	Secondary	Cryovial 2 mL		2019-12-16	2019-12-16	pre feeding	2019-12-26		NA	13839											95400	105536	Pre-Feed	24	FP885.1.1.0-A-C-D-ADH-MULTI-112-MULTI	Matthew Jackson	Matthew Jackson	0	0	2019-12-26	N	2019-11-21	2024-10-17	Nicole Green	NA	Available		101186	101186 Gastrointestinal Investigation			GEN-70 - All - 1	B1-Life Sciences	No										A1	No		No		866	Snap Freeze Feces	2019	11	hills-rd-etl-spark-demo	manual__2024-12-09T21:15:45.864051+00:00	2024-12-09 21:42:24.000 -0500
58035676	F-50179133	2197776	F-50179133-003S	Feces	Secondary	Cryovial 2 mL		2019-12-16	2019-12-16	pre feeding	2019-12-26		NA	14641											95400	105536	Pre-Feed	24	FP885.1.1.0-A-C-D-ADH-MULTI-112-MULTI	Matthew Jackson	Matthew Jackson	0	0	2019-12-26	N	2019-11-21	2024-10-17	Nicole Green	NA	Available		101186	101186 Gastrointestinal Investigation			GEN-70 - All - 1	B1-Life Sciences	No										A1	No		No		866	Snap Freeze Feces	2019	11	hills-rd-etl-spark-demo	manual__2024-12-09T21:15:45.864051+00:00	2024-12-09 21:42:24.000 -0500
58035682	F-50179139	2197803	F-50179139-003S	Feces	Secondary	Cryovial 2 mL		2019-12-17	2019-12-17	pre feeding	2019-12-26		NA	16250											95400	105536	Pre-Feed	24	FP885.1.1.0-A-C-D-ADH-MULTI-112-MULTI	Matthew Jackson	Matthew Jackson	0	0	2019-12-26	N	2019-11-21	2024-10-17	Nicole Green	NA	Available		101186	101186 Gastrointestinal Investigation			GEN-70 - All - 1	B1-Life Sciences	Yes										A1	No		No		866	Snap Freeze Feces	2019	11	hills-rd-etl-spark-demo	manual__2024-12-09T21:15:45.864051+00:00	2024-12-09 21:42:24.000 -0500
58035714	F-50179171	2197932	F-50179171-003S	Feces	Secondary	Cryovial 2 mL		2020-02-24	2020-02-24	pre feeding	2020-03-12		NA	17154											95400	105536	Treatment (test)	66	FP885.1.1.0-A-C-D-ADH-MULTI-112-MULTI	Matthew Jackson	Matthew Jackson	0	0	2020-03-12	N	2019-11-21	2024-10-17	Nicole Green	NA	Available		101186	101186 Gastrointestinal Investigation			GEN-70 - All - 1	B1-Life Sciences	No										A1	No		No		866	Snap Freeze Feces	2019	11	hills-rd-etl-spark-demo	manual__2024-12-09T21:15:45.864051+00:00	2024-12-09 21:42:24.000 -0500
58035796	F-50179253	2198260	F-50179253-003S	Feces	Secondary	Cryovial 2 mL		2020-01-21	2020-01-21	pre feeding	2020-01-24		NA	16241											95400	105536	Treatment (test)	32	FP885.1.1.0-A-C-D-ADH-MULTI-112-MULTI	Matthew Jackson	Matthew Jackson	0	0	2020-01-24	N	2019-11-21	2024-10-17	Rachel Eichman	NA	Available		101186	101186 Gastrointestinal Investigation			GEN-70 - All - 1	B1-Life Sciences	Yes										A1	No		No		866	Snap Freeze Feces	2019	11	hills-rd-etl-spark-demo	manual__2024-12-09T21:15:45.864051+00:00	2024-12-09 21:42:24.000 -0500
58035698	F-50179155	2197868	F-50179155-003S	Feces	Secondary	Cryovial 2 mL		2020-02-24	2020-02-24	pre feeding	2020-03-12		NA	17237											95400	105536	Treatment (test)	66	FP885.1.1.0-A-C-D-ADH-MULTI-112-MULTI	Matthew Jackson	Matthew Jackson	0	0	2020-03-12	N	2019-11-21	2024-10-17	Nicole Green	NA	Available		101186	101186 Gastrointestinal Investigation			GEN-70 - All - 1	B1-Life Sciences	Yes										A1	No		No		866	Snap Freeze Feces	2019	11	hills-rd-etl-spark-demo	manual__2024-12-09T21:15:45.864051+00:00	2024-12-09 21:42:24.000 -0500
58035704	F-50179161	2197892	F-50179161-003S	Feces	Secondary	Cryovial 2 mL		2020-01-21	2020-01-21	pre feeding	2020-01-24		NA	15181											95400	105536	Treatment (test)	32	FP885.1.1.0-A-C-D-ADH-MULTI-112-MULTI	Matthew Jackson	Matthew Jackson	0	0	2020-01-24	N	2019-11-21	2024-10-17	Rachel Eichman	NA	Available		101186	101186 Gastrointestinal Investigation			GEN-70 - All - 1	B1-Life Sciences	Yes										A1	No		No		866	Snap Freeze Feces	2019	11	hills-rd-etl-spark-demo	manual__2024-12-09T21:15:45.864051+00:00	2024-12-09 21:42:24.000 -0500
58035708	F-50179165	2197908	F-50179165-003S	Feces	Secondary	Cryovial 2 mL		2020-01-21	2020-01-21	pre feeding	2020-01-24		NA	13827											95400	105536	Treatment (test)	32	FP885.1.1.0-A-C-D-ADH-MULTI-112-MULTI	Matthew Jackson	Matthew Jackson	0	0	2020-01-24	N	2019-11-21	2024-10-17	Rachel Eichman	NA	Available		101186	101186 Gastrointestinal Investigation			GEN-70 - All - 1	B1-Life Sciences	Yes										A1	No		No		866	Snap Freeze Feces	2019	11	hills-rd-etl-spark-demo	manual__2024-12-09T21:15:45.864051+00:00	2024-12-09 21:42:24.000 -0500
58035758	F-50179215	2198108	F-50179215-003S	Feces	Secondary	Cryovial 2 mL		2020-02-24	2020-02-24	pre feeding	2020-03-12		NA	14694											95400	105536	Treatment (test)	66	FP885.1.1.0-A-C-D-ADH-MULTI-112-MULTI	Matthew Jackson	Matthew Jackson	0	0	2020-03-12	N	2019-11-21	2024-10-17	Nicole Green	NA	Available		101186	101186 Gastrointestinal Investigation			GEN-70 - All - 1	B1-Life Sciences	Yes										A1	No		No		866	Snap Freeze Feces	2019	11	hills-rd-etl-spark-demo	manual__2024-12-09T21:15:45.864051+00:00	2024-12-09 21:42:24.000 -0500
58035760	F-50179217	2198116	F-50179217-003S	Feces	Secondary	Cryovial 2 mL		2020-01-22	2020-01-22	pre feeding	2020-01-24		NA	17158											95400	105536	Treatment (test)	32	FP885.1.1.0-A-C-D-ADH-MULTI-112-MULTI	Matthew Jackson	Matthew Jackson	0	0	2020-01-24	N	2019-11-21	2024-10-17	Rachel Eichman	NA	Available		101186	101186 Gastrointestinal Investigation			GEN-70 - All - 1	B1-Life Sciences	Yes										A1	No		No		866	Snap Freeze Feces	2019	11	hills-rd-etl-spark-demo	manual__2024-12-09T21:15:45.864051+00:00	2024-12-09 21:42:24.000 -0500
58035770	F-50179227	2198156	F-50179227-003S	Feces	Secondary	Cryovial 2 mL		2020-02-24	2020-02-24	pre feeding	2020-03-12		NA	13953											95400	105536	Treatment (test)	66	FP885.1.1.0-A-C-D-ADH-MULTI-112-MULTI	Matthew Jackson	Matthew Jackson	0	0	2020-03-12	N	2019-11-21	2024-10-17	Nicole Green	NA	Available		101186	101186 Gastrointestinal Investigation			GEN-70 - All - 1	B1-Life Sciences	Yes										A1	No		No		866	Snap Freeze Feces	2019	11	hills-rd-etl-spark-demo	manual__2024-12-09T21:15:45.864051+00:00	2024-12-09 21:42:24.000 -0500
58035782	F-50179239	2198204	F-50179239-003S	Feces	Secondary	Cryovial 2 mL		2020-02-24	2020-02-24	pre feeding	2020-03-12		NA	14685											95400	105536	Treatment (test)	66	FP885.1.1.0-A-C-D-ADH-MULTI-112-MULTI	Matthew Jackson	Matthew Jackson	0	0	2020-03-12	N	2019-11-21	2024-10-17	Nicole Green	NA	Available		101186	101186 Gastrointestinal Investigation			GEN-70 - All - 1	B1-Life Sciences	No										A1	No		No		866	Snap Freeze Feces	2019	11	hills-rd-etl-spark-demo	manual__2024-12-09T21:15:45.864051+00:00	2024-12-09 21:42:24.000 -0500
58035788	F-50179245	2198228	F-50179245-003S	Feces	Secondary	Cryovial 2 mL		2020-01-21	2020-01-21	pre feeding	2020-01-24		NA	14671											95400	105536	Treatment (test)	32	FP885.1.1.0-A-C-D-ADH-MULTI-112-MULTI	Matthew Jackson	Matthew Jackson	0	0	2020-01-24	N	2019-11-21	2024-10-17	Rachel Eichman	NA	Available		101186	101186 Gastrointestinal Investigation			GEN-70 - All - 1	B1-Life Sciences	Yes										A1	No		No		866	Snap Freeze Feces	2019	11	hills-rd-etl-spark-demo	manual__2024-12-09T21:15:45.864051+00:00	2024-12-09 21:42:24.000 -0500
58035810	F-50179267	2198316	F-50179267-003S	Feces	Secondary	Cryovial 2 mL		2020-02-24	2020-02-24	pre feeding	2020-03-12		NA	15354											95400	105536	Treatment (test)	66	FP885.1.1.0-A-C-D-ADH-MULTI-112-MULTI	Matthew Jackson	Matthew Jackson	0	0	2020-03-12	N	2019-11-21	2024-10-17	Nicole Green	NA	Available		101186	101186 Gastrointestinal Investigation			GEN-70 - All - 1	B1-Life Sciences	Yes										A1	No		No		866	Snap Freeze Feces	2019	11	hills-rd-etl-spark-demo	manual__2024-12-09T21:15:45.864051+00:00	2024-12-09 21:42:24.000 -0500
58035605	F-50179062	2197456	F-50179062-003S	Feces	Secondary	Cryovial 2 mL		2020-01-21	2020-01-21	pre feeding	2020-01-24		NA	13838											95400	105536	Treatment (test)	32	FP885.1.1.0-A-C-D-ADH-MULTI-112-MULTI	Matthew Jackson	Matthew Jackson	0	0	2020-01-24	N	2019-11-21	2024-10-17	Rachel Eichman	NA	Available		101186	101186 Gastrointestinal Investigation			GEN-70 - All - 1	B1-Life Sciences	No										A1	No		No		866	Snap Freeze Feces	2019	11	hills-rd-etl-spark-demo	manual__2024-12-09T21:15:45.864051+00:00	2024-12-09 21:42:24.000 -0500
58035622	F-50179079	2197524	F-50179079-003S	Feces	Secondary	Cryovial 2 mL		2019-12-16	2019-12-16	pre feeding	2019-12-26		NA	17237											95400	105536	Pre-Feed	24	FP885.1.1.0-A-C-D-ADH-MULTI-112-MULTI	Matthew Jackson	Matthew Jackson	0	0	2019-12-26	N	2019-11-21	2024-10-17	Nicole Green	NA	Available		101186	101186 Gastrointestinal Investigation			GEN-70 - All - 1	B1-Life Sciences	Yes										A1	No		No		866	Snap Freeze Feces	2019	11	hills-rd-etl-spark-demo	manual__2024-12-09T21:15:45.864051+00:00	2024-12-09 21:42:24.000 -0500
58035638	F-50179095	2197596	F-50179095-003S	Feces	Secondary	Cryovial 2 mL		2019-12-16	2019-12-16	pre feeding	2019-12-26		NA	15078											95400	105536	Pre-Feed	24	FP885.1.1.0-A-C-D-ADH-MULTI-112-MULTI	Matthew Jackson	Matthew Jackson	0	0	2019-12-26	N	2019-11-21	2024-10-17	Nicole Green	NA	Available		101186	101186 Gastrointestinal Investigation			GEN-70 - All - 1	B1-Life Sciences	Yes										A1	No		No		866	Snap Freeze Feces	2019	11	hills-rd-etl-spark-demo	manual__2024-12-09T21:15:45.864051+00:00	2024-12-09 21:42:24.000 -0500
58035644	F-50179101	2197623	F-50179101-003S	Feces	Secondary	Cryovial 2 mL		2019-12-17	2019-12-17	pre feeding	2019-12-26		NA	15344											95400	105536	Pre-Feed	24	FP885.1.1.0-A-C-D-ADH-MULTI-112-MULTI	Matthew Jackson	Matthew Jackson	0	0	2019-12-26	N	2019-11-21	2024-10-17	Nicole Green	NA	Available		101186	101186 Gastrointestinal Investigation			GEN-70 - All - 1	B1-Life Sciences	No										A1	No		No		866	Snap Freeze Feces	2019	11	hills-rd-etl-spark-demo	manual__2024-12-09T21:15:45.864051+00:00	2024-12-09 21:42:24.000 -0500
58035712	F-50179169	2197924	F-50179169-003S	Feces	Secondary	Cryovial 2 mL		2020-01-22	2020-01-22	pre feeding	2020-01-24		NA	17154											95400	105536	Treatment (test)	32	FP885.1.1.0-A-C-D-ADH-MULTI-112-MULTI	Matthew Jackson	Matthew Jackson	0	0	2020-01-24	N	2019-11-21	2024-10-17	Rachel Eichman	NA	Available		101186	101186 Gastrointestinal Investigation			GEN-70 - All - 1	B1-Life Sciences	No										A1	No		No		866	Snap Freeze Feces	2019	11	hills-rd-etl-spark-demo	manual__2024-12-09T21:15:45.864051+00:00	2024-12-09 21:42:24.000 -0500
58035731	F-50179188	2197996	F-50179188-003S	Feces	Secondary	Cryovial 2 mL		2020-01-21	2020-01-21	pre feeding	2020-01-24		NA	15078											95400	105536	Treatment (test)	32	FP885.1.1.0-A-C-D-ADH-MULTI-112-MULTI	Matthew Jackson	Matthew Jackson	0	0	2020-01-24	N	2019-11-21	2024-10-17	Rachel Eichman	NA	Available		101186	101186 Gastrointestinal Investigation			GEN-70 - All - 1	B1-Life Sciences	Yes										A1	No		No		866	Snap Freeze Feces	2019	11	hills-rd-etl-spark-demo	manual__2024-12-09T21:15:45.864051+00:00	2024-12-09 21:42:24.000 -0500
58035743	F-50179200	2198044	F-50179200-003S	Feces	Secondary	Cryovial 2 mL		2020-01-21	2020-01-21	pre feeding	2020-01-24		NA	15344											95400	105536	Treatment (test)	32	FP885.1.1.0-A-C-D-ADH-MULTI-112-MULTI	Matthew Jackson	Matthew Jackson	0	0	2020-01-24	N	2019-11-21	2024-10-17	Rachel Eichman	NA	Available		101186	101186 Gastrointestinal Investigation			GEN-70 - All - 1	B1-Life Sciences	No										A1	No		No		866	Snap Freeze Feces	2019	11	hills-rd-etl-spark-demo	manual__2024-12-09T21:15:45.864051+00:00	2024-12-09 21:42:24.000 -0500
58035780	F-50179237	2198196	F-50179237-003S	Feces	Secondary	Cryovial 2 mL		2020-01-22	2020-01-22	pre feeding	2020-01-24		NA	14685											95400	105536	Treatment (test)	32	FP885.1.1.0-A-C-D-ADH-MULTI-112-MULTI	Matthew Jackson	Matthew Jackson	0	0	2020-01-24	N	2019-11-21	2024-10-17	Rachel Eichman	NA	Available		101186	101186 Gastrointestinal Investigation			GEN-70 - All - 1	B1-Life Sciences	Yes										A1	No		No		866	Snap Freeze Feces	2019	11	hills-rd-etl-spark-demo	manual__2024-12-09T21:15:45.864051+00:00	2024-12-09 21:42:24.000 -0500
58035620	F-50179077	2197515	F-50179077-003S	Feces	Secondary	Cryovial 2 mL		2019-12-16	2019-12-16	pre feeding	2019-12-26		NA	14683											95400	105536	Pre-Feed	24	FP885.1.1.0-A-C-D-ADH-MULTI-112-MULTI	Matthew Jackson	Matthew Jackson	0	0	2019-12-26	N	2019-11-21	2024-10-17	Nicole Green	NA	Available		101186	101186 Gastrointestinal Investigation			GEN-70 - All - 1	B1-Life Sciences	Yes										A1	No		No		866	Snap Freeze Feces	2019	11	hills-rd-etl-spark-demo	manual__2024-12-09T21:15:45.864051+00:00	2024-12-09 21:42:24.000 -0500
58035642	F-50179099	2197614	F-50179099-003S	Feces	Secondary	Cryovial 2 mL		2019-12-16	2019-12-16	pre feeding	2019-12-26		NA	15069											95400	105536	Pre-Feed	24	FP885.1.1.0-A-C-D-ADH-MULTI-112-MULTI	Matthew Jackson	Matthew Jackson	0	0	2019-12-26	N	2019-11-21	2024-10-17	Nicole Green	NA	Available		101186	101186 Gastrointestinal Investigation			GEN-70 - All - 1	B1-Life Sciences	No										A1	No		No		866	Snap Freeze Feces	2019	11	hills-rd-etl-spark-demo	manual__2024-12-09T21:15:45.864051+00:00	2024-12-09 21:42:24.000 -0500
58035651	F-50179108	2197659	F-50179108-003S	Feces	Secondary	Cryovial 2 mL		2019-12-16	2019-12-16	pre feeding	2019-12-26		NA	14643											95400	105536	Pre-Feed	24	FP885.1.1.0-A-C-D-ADH-MULTI-112-MULTI	Matthew Jackson	Matthew Jackson	0	0	2019-12-26	N	2019-11-21	2024-10-17	Nicole Green	NA	Available		101186	101186 Gastrointestinal Investigation			GEN-70 - All - 1	B1-Life Sciences	Yes										A1	No		No		866	Snap Freeze Feces	2019	11	hills-rd-etl-spark-demo	manual__2024-12-09T21:15:45.864051+00:00	2024-12-09 21:42:24.000 -0500
58035684	F-50179141	2197812	F-50179141-003S	Feces	Secondary	Cryovial 2 mL		2020-02-24	2020-02-24	pre feeding	2020-03-12		NA	15181											95400	105536	Treatment (test)	66	FP885.1.1.0-A-C-D-ADH-MULTI-112-MULTI	Matthew Jackson	Matthew Jackson	0	0	2020-03-12	N	2019-11-21	2024-10-17	Nicole Green	NA	Available		101186	101186 Gastrointestinal Investigation			GEN-70 - All - 1	B1-Life Sciences	Yes										A1	No		No		866	Snap Freeze Feces	2019	11	hills-rd-etl-spark-demo	manual__2024-12-09T21:15:45.864051+00:00	2024-12-09 21:42:24.000 -0500
58035729	F-50179186	2197988	F-50179186-003S	Feces	Secondary	Cryovial 2 mL		2020-01-21	2020-01-21	pre feeding	2020-01-24		NA	13869											95400	105536	Treatment (test)	32	FP885.1.1.0-A-C-D-ADH-MULTI-112-MULTI	Matthew Jackson	Matthew Jackson	0	0	2020-01-24	N	2019-11-21	2024-10-17	Rachel Eichman	NA	Available		101186	101186 Gastrointestinal Investigation			GEN-70 - All - 1	B1-Life Sciences	Yes										A1	No		No		866	Snap Freeze Feces	2019	11	hills-rd-etl-spark-demo	manual__2024-12-09T21:15:45.864051+00:00	2024-12-09 21:42:24.000 -0500
58035756	F-50179213	2198100	F-50179213-003S	Feces	Secondary	Cryovial 2 mL		2020-01-21	2020-01-21	pre feeding	2020-01-24		NA	14694											95400	105536	Treatment (test)	32	FP885.1.1.0-A-C-D-ADH-MULTI-112-MULTI	Matthew Jackson	Matthew Jackson	0	0	2020-01-24	N	2019-11-21	2024-10-17	Rachel Eichman	NA	Available		101186	101186 Gastrointestinal Investigation			GEN-70 - All - 1	B1-Life Sciences	No										A1	No		No		866	Snap Freeze Feces	2019	11	hills-rd-etl-spark-demo	manual__2024-12-09T21:15:45.864051+00:00	2024-12-09 21:42:24.000 -0500
58035776	F-50179233	2198180	F-50179233-003S	Feces	Secondary	Cryovial 2 mL		2020-01-21	2020-01-21	pre feeding	2020-01-24		NA	14699											95400	105536	Treatment (test)	32	FP885.1.1.0-A-C-D-ADH-MULTI-112-MULTI	Matthew Jackson	Matthew Jackson	0	0	2020-01-24	N	2019-11-21	2024-10-17	Rachel Eichman	NA	Available		101186	101186 Gastrointestinal Investigation			GEN-70 - All - 1	B1-Life Sciences	Yes										A1	No		No		866	Snap Freeze Feces	2019	11	hills-rd-etl-spark-demo	manual__2024-12-09T21:15:45.864051+00:00	2024-12-09 21:42:24.000 -0500
58035794	F-50179251	2198252	F-50179251-003S	Feces	Secondary	Cryovial 2 mL		2020-02-24	2020-02-24	pre feeding	2020-03-12		NA	13840											95400	105536	Treatment (test)	66	FP885.1.1.0-A-C-D-ADH-MULTI-112-MULTI	Matthew Jackson	Matthew Jackson	0	0	2020-03-12	N	2019-11-21	2024-10-17	Nicole Green	NA	Available		101186	101186 Gastrointestinal Investigation			GEN-70 - All - 1	B1-Life Sciences	Yes										A1	No		No		866	Snap Freeze Feces	2019	11	hills-rd-etl-spark-demo	manual__2024-12-09T21:15:45.864051+00:00	2024-12-09 21:42:24.000 -0500
58035798	F-50179255	2198268	F-50179255-003S	Feces	Secondary	Cryovial 2 mL		2020-02-24	2020-02-24	pre feeding	2020-03-12		NA	16241											95400	105536	Treatment (test)	66	FP885.1.1.0-A-C-D-ADH-MULTI-112-MULTI	Matthew Jackson	Matthew Jackson	0	0	2020-03-12	N	2019-11-21	2024-10-17	Nicole Green	NA	Available		101186	101186 Gastrointestinal Investigation			GEN-70 - All - 1	B1-Life Sciences	No										A1	No		No		866	Snap Freeze Feces	2019	11	hills-rd-etl-spark-demo	manual__2024-12-09T21:15:45.864051+00:00	2024-12-09 21:42:24.000 -0500
